"Dataset","Type","KC","Intercept","Slope"
"ds104","KC","ACCEL-AT-REST","-1.44845920738008","0.345682648946031"
"ds104","KC","COMPO-GENERAL-CASE","1.18996511186247","0.176543276373816"
"ds104","KC","COMPO-PARALLEL-AXIS","0.92502199945573","-0.0780339577800795"
"ds104","KC","COMPO-ZERO-VECTOR","0.576792670100193","0.512319467337137"
"ds104","KC","DEFINE-CONSTANT-CHARGE-ON-OBJ-VAR","1.16391629065232","0.0225106382830119"
"ds104","KC","DEFINE-CONSTANT-MASS","1.24038168383335","0.290336590171969"
"ds104","KC","DEFINE-DURATION","-0.275885280193902","-0.182779307565103"
"ds104","KC","DRAW-ACCELERATING","0.104070391657567","-0.00779997255960609"
"ds104","KC","DRAW-BODY","3.07463884000293","-0.323711908996291"
"ds104","KC","DRAW-DECELERATING","-0.501836540922657","0.0376121506439987"
"ds104","KC","DRAW-DISPLACEMENT-STRAIGHT","-1.04222593136605","0.473147831432013"
"ds104","KC","DRAW-EFIELD-VECTOR","0.106694665190753","-0.232408833691909"
"ds104","KC","DRAW-ELECTRIC-FORCE-GIVEN-FIELD-DIR","0.0150028946758613","-0.210390917674971"
"ds104","KC","DRAW-NET-FORCE-FROM-ACCEL","0.578577209468023","-0.0433637875824781"
"ds104","KC","DRAW-ROTATE-AXES","2.94788321617623","-0.446569137676062"
"ds104","KC","DRAW-UNROTATED-AXES","1.41137224583884","0.976468418781866"
"ds104","KC","DRAW-VELOCITY-AT-REST","-0.218478734034839","-0.0710075742060503"
"ds104","KC","DRAW-VELOCITY-MOMENTARILY-AT-REST","-0.0577539342120732","0.00432860004549344"
"ds104","KC","DRAW-VELOCITY-STRAIGHT","0.790662138798717","-0.0592593425307919"
"ds104","KC","DRAW-WEIGHT","0.274164972776355","-0.260911294549223"
"ds104","KC","WRITE-CHARGE-FORCE-EFIELD-COMPO","-0.517703048414683","0.216043924469465"
"ds104","KC","WRITE-CHARGE-FORCE-EFIELD-MAG","0.753779799945984","-0.809418702156622"
"ds104","KC","WRITE-G-ON-EARTH","0.197151345695462","0.473750461923983"
"ds104","KC","WRITE-IMPLICIT-EQN","1.92723581880902","0.0251232271214462"
"ds104","KC","WRITE-KNOWN-VALUE-EQN","1.07177226613089","-0.0562389901838256"
"ds104","KC","WRITE-LK-NO-S-COMPO","-0.161398760422596","-0.960749372533917"
"ds104","KC","WRITE-LK-NO-T-COMPO","-0.290241872833471","0.439548818163177"
"ds104","KC","WRITE-LK-NO-VF-COMPO","-0.681435302683323","-0.262975367641445"
"ds104","KC","WRITE-NET-FORCE-COMPO","-0.327844174946234","0.0245715955102912"
"ds104","KC","WRITE-NFL-COMPO","0.0185160219222568","-0.47105816522715"
"ds104","KC","WRITE-NSL-COMPO","0.957175453435572","-0.682499123592407"
"ds104","KC","WRITE-NSL-NET-COMPO","-0.601393259728065","0.045073827903384"
"ds104","KC","WT-LAW","0.0639514159246514","-0.00479309514853705"
"ds99","KC","all","-0.0335244708411753","-0.0592261801358876"
"ds99","KC","all*Angle-Addition-Subtraction-Reason","-0.0646150821391711","0.0277572277509318"
"ds99","KC","all*Angle-Addition-Subtraction-Reason*Concat-Original-noAnswReas-Angle-Addition","-0.113925457012455","-0.0151676472563687"
"ds99","KC","all*Angle-Addition-Subtraction-Reason*Concat-Original-noAnswReas-Angle-Addition-Three-Angles","1.72903593701581","-0.0217041850041424"
"ds99","KC","all*Answer","0.0360331451931467","-0.103756786736863"
"ds99","KC","all*Answer*Angle-Addition-Subtraction-Answer","-0.417474186726481","-0.0242141575071306"
"ds99","KC","all*Answer*Angle-Addition-Subtraction-Answer*Angle-Addition-Three-Angles","-0.038366664653582","0.0676770248896404"
"ds99","KC","all*Answer*Angle-Addition-Subtraction-Answer*Angle-Addition-Three-Angles*Angle-Addition","-1.09023838183437","0.0384887361490122"
"ds99","KC","all*Answer*Angle-Addition-Subtraction-Answer*Concat-Original-noAnswReas-Angle-Addition","0.215621944259081","-0.114869172997767"
"ds99","KC","all*Answer*Concat-Geom-config-tri-ang-Right-Angle-Answer","1.06316328746735","0.0119643600851674"
"ds99","KC","all*Answer*Multiplicative-Relation-Answer","-0.842508950725933","0.023895591842094"
"ds99","KC","all*Answer*relations","1.13821414982897","-0.040901490848111"
"ds99","KC","all*Answer*same-as-given","-0.301734723415803","0.1162474657685"
"ds99","KC","all*Answer*same-as-given*subtract-from-180","0.438247746862121","-0.0150085633510988"
"ds99","KC","all*Answer*Separate-Complementary-Angles","-1.09071202824051","0.0130667317535397"
"ds99","KC","all*Answer*Supplementary-Angles","-0.24258051919788","0.00828395004351939"
"ds99","KC","all*Answer*Vertical-Angles-Answer","0.620378731481374","-0.0493802578155849"
"ds99","KC","all*Answer*Vertical-Angles-Answer*Linear-Pair-Of-Angles_Vertical-Angles","2.25981791253542","-0.0782378777059939"
"ds99","KC","all*complex-arithmetic","0.854236180262988","-0.0897240043378645"
"ds99","KC","all*Concat-geom-config-angles","-0.0238951431405841","0.0531297824378249"
"ds99","KC","all*Concat-geom-config-angles*subtract-from-90","0.00938799465223568","-0.0201319524072389"
"ds99","KC","all*Concat-geom-config-parallel-lines","-1.17111256427352","-0.0814942071351102"
"ds99","KC","all*Concat-geom-config-parallel-lines*Alternate-Exterior-Angles-Parallel-Lines-Answer","0.192964568882447","0.0141789271119786"
"ds99","KC","all*Concat-geom-config-parallel-lines*Alternate-Exterior-Angles-Parallel-Lines-Reason","-0.419710903061917","0.001686049691625"
"ds99","KC","all*Concat-geom-config-parallel-lines*Corresponding-Angles-Parallel-Lines-Answer","0.109837140165972","-0.0494781944492362"
"ds99","KC","all*Concat-Geom-config-tri-ang-Vertical-Angles-Reason","0.129042884578454","-0.0248563830668634"
"ds99","KC","all*Exterior-Angle-Of-Triangle-Reason","-0.540941970762324","0.104589084446029"
"ds99","KC","all*given","2.5828697376351","-0.10488230348373"
"ds99","KC","all*given*Answer","2.23293530113879","-0.116858193553254"
"ds99","KC","all*Isosceles-Triangle-Base-Base-Angle","0.120359685076231","0.106135414057811"
"ds99","KC","all*Isosceles-Triangle-Base-Base-Angle*complex-arithmetic","0.474626248323169","-0.0156780253669143"
"ds99","KC","all*Isosceles-Triangle-Base-Base-Angle*Concat-Original-Isosceles-Triangle-Base-Base-Angle-Answer","2.02772837613724","-0.0825095676668691"
"ds99","KC","all*Linear-Pair-Of-Angles","1.64544817746778","-0.0414146236004172"
"ds99","KC","all*Linear-Pair-Of-Angles*Concat-geom-config-angles","0.0669349872360716","-0.0663529795169665"
"ds99","KC","all*Linear-Pair-Of-Angles*Triangle-Sum-Reason","0.11717956884325","-0.0110447267345287"
"ds99","KC","all*relations","0.367024938718267","0.0491703013143241"
"ds99","KC","all*relations*add-subtract","-0.0616321831823965","0.0608449222913557"
"ds99","KC","all*Separate-Complementary-Angles","0.142285912219409","-0.017103441870904"
"ds99","KC","all*Supplementary-Angles-Reason","-0.205490424045473","0.0860449019239298"
"ds99","KC","all*Triangle-Sum-Reason","0.684231731426061","-0.0757827071893314"
"ds99","KC","all*Triangle-Sum-Reason*complex-arithmetic","1.79764667839441","-0.0520457358592143"
"ds1899","KC","SingleSingleSubstitution","0.085949394944876","0.0152289201467296"
"ds1899","KC","SingleSingleSubstitutionDoubleRef","-2.06520788480918","0.107318837357709"
"ds1899","KC","SingleSingleSubstitutionParen","-0.815416289858685","-0.0548563764494944"
"ds1899","KC","Single-step","1.10340823155057","-0.0980880728132164"
"ds1899","KC","Substitution","0.550532153685384","-0.157093855969714"
"ds1899","KC","SubstitutionParen","-0.835811973389535","0.366822202790991"
"ds372","KC","already-mentioned","1.74691337885326","-0.106902003915783"
"ds372","KC","done","4.1489039362843","-0.0870128078732861"
"ds372","KC","example_already-mentioned","0.82204764109556","-0.0176348009300998"
"ds372","KC","example_generic-noncount","-0.384218205507457","0.0628139822341312"
"ds372","KC","example_generic-plural","-0.00469297221390735","-0.138182594478714"
"ds372","KC","example_generic-singular","-0.196923595424342","0.147811130119477"
"ds372","KC","example_number-letter","0.727619380829627","0.0318730727627053"
"ds372","KC","example_same","1.07061601781344","-0.0657625904084391"
"ds372","KC","generic-noncount","-0.477039584059591","0.046584262026013"
"ds372","KC","generic-plural","0.784637734678801","-0.122111036221012"
"ds372","KC","generic-singular","-0.0652019439674953","-0.0432815702822104"
"ds372","KC","number-letter","0.94290723864851","-0.196243611183617"
"ds372","KC","rule_already-mentioned","1.2815716716933","-0.0548815217677208"
"ds372","KC","rule_generic-noncount","0.0660419809330506","0.113282524868964"
"ds372","KC","rule_generic-plural","0.436084821959881","-0.138394250330202"
"ds372","KC","rule_generic-singular","0.193693337491817","-0.0634537310092552"
"ds372","KC","rule_number-letter","1.70368862746805","0.0348481330630371"
"ds372","KC","rule_same","1.31138001221921","0.0315752400309061"
"ds372","KC","same","2.2544798644807","-0.127524095917685"
"ds445","KC","all","0.508670737585147","-0.0779000452244286"
"ds445","KC","all*9","1.5426216367001","0.0732495240796529"
"ds445","KC","all*NearBench","-0.213294723279393","0.0363976491458929"
"ds445","KC","all*NearBench*1/10","0.929249547651793","0.364406152716445"
"ds445","KC","all*NearBench*1/8","0.270817172916828","-0.0606253458203383"
"ds445","KC","all*NearBench*5/6","-0.109485509167453","0.191087677457456"
"ds445","KC","all*NearBench*Click","-0.111758991158082","-0.133561485572771"
"ds445","KC","all*NearBench*Click*1/10","0.364576345726688","0.171893020320311"
"ds445","KC","all*NearBench*Click*9/10","0.744758966364957","0.0901993028714166"
"ds445","KC","all*NearBench*Click*NonUnitNearBench","-0.54723658609235","-0.147467379452137"
"ds445","KC","all*NotNear","-0.463019834452059","-0.210337321479623"
"ds445","KC","all*NotNear*1/3","-0.774464816882478","-0.00831959565024485"
"ds445","KC","all*NotNear*2/5","-0.705966171109559","0.00845658451838696"
"ds445","KC","all*NotNear*3/7","-0.814480983636338","-0.15286785482867"
"ds445","KC","all*NotNear*5/8","-0.429559636511501","-0.221179894347072"
"ds445","KC","all*NotNear*Click","-0.113566800301819","-0.355821803556748"
"ds445","KC","all*NotNear*Click*3/7","-1.57452745413419","-0.197590935687479"
"ds445","KC","all*NotNear*Click*NonUnitNotNear","-0.956071368038674","-0.23356121286161"
"ds445","KC","all*NotNear*Click*NonUnitNotNear*3/5","-1.2020017769817","-0.152056883797277"
"ds445","KC","all*NotNear*Click*NonUnitNotNear*7/10","-0.251739961394984","-0.0920455442679254"
"ds445","KC","all*Whole-numC","-0.763377296943389","0.839944735432508"
"ds271","KC","Single step","0.605993883660307","0.0172922142596059"
"ds271","KC","""Single step, Single step, Substitution""","0.0859076035792774","0.00245139881387792"
"ds271","KC","""Single step, Single step, Substitution, DoubleRef""","-2.06707835142951","-0.058984690618344"
"ds271","KC","""Single step, Single step, Substitution, Paren""","-0.982352001423118","-0.0280317041887561"
"ds271","KC","Substitution","0.19490337347729","0.00556162526547632"
"ds271","KC","""Substitution, Paren""","-1.00652546218868","-0.0287215010237166"
"ds562","KC","compare_Single_comparison","0.719358576590178","-0.148358132574184"
"ds562","KC","denominator_GF_Sense_addition","0.353276378279023","0.12933837855993"
"ds562","KC","denominator_GF_Sense_comparison","-0.256495834263894","0.0929249129372796"
"ds562","KC","denominator_GF_Sense_equivalentConc","0.527820234010882","0.0546632512276768"
"ds562","KC","denominator_GF_Sense_equivalentProc","0.640799207154997","-0.419976598214841"
"ds562","KC","denominator_GF_Sense_nameFract","-0.113123985077563","0.1299294653152"
"ds562","KC","denominator_GF_Sense_nameImpFract","-1.82043946946434","0.22318444879952"
"ds562","KC","denominator_GF_Sense_subtraction","1.49981642158071","-0.0269844627801036"
"ds562","KC","denominator_Single_addition","1.80240297231793","-0.322248281061285"
"ds562","KC","denominator_Single_comparison","0.583047830409275","-0.0208463284838427"
"ds562","KC","denominator_Single_equivalentConc","-0.252937816299308","0.0242718857563548"
"ds562","KC","denominator_Single_equivalentProc","0.104193327710941","0.399842876605024"
"ds562","KC","denominator_Single_makeFract","1.38496680122412","-0.118819466709416"
"ds562","KC","denominator_Single_makeImpFract","-0.111887422138835","-0.0470607204963109"
"ds562","KC","denominator_Single_nameFract","1.14020284137213","-0.0964780984520117"
"ds562","KC","denominator_Single_nameImpFract","-0.352506902765623","-0.0810510810461224"
"ds562","KC","denominator_Single_recUnit","0.110874991353821","-0.10464299333563"
"ds562","KC","denominator_Single_subtraction","1.6779219722036","-0.196091152841856"
"ds562","KC","dragPiece_Single_makeFract","2.66429636698318","0.0666519030449515"
"ds562","KC","dragPiece_Single_makeImpFract","2.68017141509017","-0.118950745448475"
"ds562","KC","makeFract_GF_Sense_comparison","-2.16597017821498","0.213565661281115"
"ds562","KC","makeFract_GF_Sense_equivalentProc","0.175657809866759","-0.0625061828916781"
"ds562","KC","makeFract_GF_Sense_makeFract","-0.187519386036282","0.350368338382512"
"ds562","KC","makeFract_GF_Sense_makeImpFract","-0.112311529234593","0.184652372496381"
"ds562","KC","makeFract_GF_Sense_nameFract","0.154159864972967","0.0926849425715585"
"ds562","KC","makeFract_GF_Sense_nameImpFract","0.638725166108104","-0.106853561085368"
"ds562","KC","makeFract_GF_Sense_recUnit","-0.450040886190939","-0.02892010162835"
"ds562","KC","makeFract_Single_addition","-1.16112836231839","0.119666493900976"
"ds562","KC","makeFract_Single_comparison","-1.14525700282387","-0.171206683439524"
"ds562","KC","makeFract_Single_equivalentConc","-2.04869240910523","0.10327014754561"
"ds562","KC","makeFract_Single_equivalentProc","-0.50479673666276","-0.149550682470486"
"ds562","KC","makeFract_Single_makeFract","0.408589472145778","-0.6764757476369"
"ds562","KC","makeFract_Single_makeImpFract","-0.335346746936294","0.0799473241281268"
"ds562","KC","makeFract_Single_recUnit","-0.808703141122319","0.0766217270689272"
"ds562","KC","makeFract_Single_subtraction","-1.72255789571707","0.0439926346960901"
"ds562","KC","mix_Mix_addition","1.18888256080081","-0.174680957456902"
"ds562","KC","mix_Mix_comparison","0.434489475899272","-0.256096497609156"
"ds562","KC","mix_Mix_equivalentConc","1.21742895962446","-0.455475441845721"
"ds562","KC","mix_Mix_equivalentProc","1.48070475800374","-0.497780527125007"
"ds562","KC","mix_Mix_makeFract","2.29565040135412","-0.20559044197268"
"ds562","KC","mix_Mix_makeImpFract","0.410209977101189","-0.138620701874665"
"ds562","KC","mix_Mix_nameFract","1.86504428411206","-0.142176957657001"
"ds562","KC","mix_Mix_nameImpFract","-0.205650630734776","-0.135317381214242"
"ds562","KC","mix_Mix_recUnit","-0.225793479260193","-0.116250570425108"
"ds562","KC","mix_Mix_subtraction","0.811572456353735","-0.165242324544616"
"ds562","KC","multiply_GF_Sense_equivalentConc","0.870634604916835","0.131779048540398"
"ds562","KC","multiply_Single_equivalentConc","-0.0228439725642017","-0.0923790770297911"
"ds562","KC","numerator_GF_Sense_addition","0.638744300532502","0.0695195440623611"
"ds562","KC","numerator_GF_Sense_comparison","-0.0924284456553067","-0.0711990639171528"
"ds562","KC","numerator_GF_Sense_equivalentConc","1.38006769454086","-0.0872393566778276"
"ds562","KC","numerator_GF_Sense_equivalentProc","1.28914727945794","-0.0562634477636751"
"ds562","KC","numerator_GF_Sense_nameFract","1.54679325290392","0.033589973297473"
"ds562","KC","numerator_GF_Sense_nameImpFract","-0.0748946892918118","-0.0107706755597061"
"ds562","KC","numerator_GF_Sense_subtraction","0.703389008696854","0.0490816607422733"
"ds562","KC","numerator_Single_addition","0.93675311816256","-0.167099092389675"
"ds562","KC","numerator_Single_comparison","0.703207397471435","-0.169678307914578"
"ds562","KC","numerator_Single_equivalentConc","0.204670437608169","-0.00594503939558786"
"ds562","KC","numerator_Single_equivalentProc","0.621620350454877","0.0591067965677929"
"ds562","KC","numerator_Single_makeFract","1.27919744991632","-0.154013126212444"
"ds562","KC","numerator_Single_makeImpFract","-0.544416320965317","-0.0850101129516308"
"ds562","KC","numerator_Single_nameFract","1.17329904188635","-0.0914418467185516"
"ds562","KC","numerator_Single_nameImpFract","-0.741684248745404","-0.0893118857345737"
"ds562","KC","numerator_Single_recUnit","-1.14933031450621","0.0411904325787445"
"ds562","KC","numerator_Single_subtraction","0.352784284397272","-0.0937962900128778"
"ds562","KC","SE_addition_GF_Sense_addition","1.51671946766449","-0.0762831882877168"
"ds562","KC","SE_addition_GF_Sense_subtraction","0.974243115358153","-0.0456536845154124"
"ds562","KC","SE_addition_Single_addition","0.835616382315458","-0.0736337573634651"
"ds562","KC","SE_addition_Single_subtraction","1.24604962914785","-0.0939977002079882"
"ds562","KC","SE_comparison_GF_Sense_comparison","1.26033157774305","-0.149895261105754"
"ds562","KC","SE_comparison_Single_comparison","0.133614214121092","-0.107738987553271"
"ds562","KC","SE_comparison_Single_makeFract","-0.290215884137239","-0.0662172899994435"
"ds562","KC","SE_comparison_Single_nameFract","0.106311678055266","-0.110003649654909"
"ds562","KC","SE_denominator_Single_addition","0.114578518323648","-0.0210638635934252"
"ds562","KC","SE_denominator_Single_subtraction","0.598645699287853","-0.229146992359602"
"ds562","KC","SE_equivalence_GF_Sense_equivalentConc","0.66321937816871","-0.0225334153300768"
"ds562","KC","SE_equivalence_Single_comparison","-1.02615168185869","0.383059313469213"
"ds562","KC","SE_equivalence_Single_equivalentConc","0.12668574678299","-0.0997779491282577"
"ds562","KC","SE_equivalence_Single_equivalentProc","0.599798635972352","-0.129523479302895"
"ds562","KC","SE_findUnit_Single_makeFract","-0.00870105420886993","0.116070323766446"
"ds562","KC","SE_findUnit_Single_recUnit","0.830316912690669","0.000285215859471537"
"ds562","KC","SE_numerator_Single_addition","0.0258495133590604","0.446532201818765"
"ds562","KC","SE_numerator_Single_subtraction","1.24242188020805","-0.0823339905238404"
"ds562","KC","SE_relation_GF_Sense_addition","-0.338475540986448","0.0930085204682507"
"ds562","KC","SE_relation_GF_Sense_comparison","-0.945338989020787","0.0155720022274419"
"ds562","KC","SE_relation_GF_Sense_equivalentConc","-0.0843055338912185","0.0380692588272103"
"ds562","KC","SE_relation_GF_Sense_equivalentProc","-0.0935796096412546","0.175645085065401"
"ds562","KC","SE_relation_GF_Sense_makeFract","0.32248988406134","0.0295419802592415"
"ds562","KC","SE_relation_GF_Sense_makeImpFract","0.132592889648426","0.00100709241219529"
"ds562","KC","SE_relation_GF_Sense_nameFract","-0.421932456170632","0.0462142157833107"
"ds562","KC","SE_relation_GF_Sense_nameImpFract","0.466761180862482","-0.124742858995969"
"ds562","KC","SE_relation_GF_Sense_recUnit","-0.576864135751757","0.203386495976617"
"ds562","KC","SE_relation_GF_Sense_subtraction","0.341881250891111","-0.0526738260611124"
"ds562","KC","unit_GF_Sense_addition","1.18531052257003","-0.0970944423272489"
"ds562","KC","unit_GF_Sense_subtraction","1.37501646859505","-0.110396459605645"
"ds562","KC","unit_Single_addition","-0.80464868768107","0.100967992152411"
"ds562","KC","unit_Single_makeImpFract","-0.918219327558544","0.180843082895066"
"ds562","KC","unit_Single_nameFract","0.925837091831222","-0.0982501672236955"
"ds562","KC","unit_Single_nameImpFract","-0.791243157929937","0.0876876776756212"
"ds562","KC","unit_Single_subtraction","0.450828964875852","-0.111325194130474"
"ds562","KC","wholeNumber_Single_equivalentConc","-0.339752757711058","0.398038249217949"
"ds562","KC","wholeNumber_Single_makeImpFract","0.408895885790187","0.060388916117753"
"ds562","KC","wholeNumber_Single_nameImpFract","-0.928609050870876","0.211434088567"
"ds392","KC","circle-area","-0.108833270917669","0.0620180888064727"
"ds392","KC","Enter given area","1.99291544971408","-0.166976769270325"
"ds392","KC","Enter given circle diameter","2.9560237067326","0.0453942278533508"
"ds392","KC","Enter given circle radius","2.02115392459332","-0.0788744300238911"
"ds392","KC","Enter given measurement","2.15452500004985","-0.182476086538333"
"ds392","KC","Enter given parallelogram base","2.95856408922269","-0.15351105755403"
"ds392","KC","Enter given parallelogram height","2.29866173057834","-0.0155954336211011"
"ds392","KC","Enter given parallelogram non-base side","1.0729069076556","0.0898104442638315"
"ds392","KC","Enter given rectangle length","2.28041391606959","-0.0323482152025385"
"ds392","KC","Enter given rectangle width","2.14052778418632","0.0851218059539203"
"ds392","KC","Enter given square side length","2.43237234418382","-0.0216467433157003"
"ds392","KC","Enter given trapezoid height","2.7764033538318","-0.0437015955904811"
"ds392","KC","Enter given trapezoid longer base","2.79618066638214","-0.115078226602694"
"ds392","KC","Enter given trapezoid non-base side","3.45828622857345","-0.169339248854822"
"ds392","KC","Enter given trapezoid shorter base","3.25229510670924","-0.158843237678583"
"ds392","KC","Enter given triangle base","2.91830770700185","-0.058713005257553"
"ds392","KC","Enter given triangle height","3.38588041061889","-0.105332255190989"
"ds392","KC","Enter given triangle non-base side","2.05091990764727","-0.08895220004349"
"ds392","KC","Find added area","-0.209705172757996","-0.123613280760327"
"ds392","KC","Find added area.Know to use component areas","-0.528274158683943","-0.0628321004912827"
"ds392","KC","Find circle area","0.616530818851302","-0.0118763020954974"
"ds392","KC","Find circle circumference","0.498830226897064","0.0322178557148614"
"ds392","KC","Find individual area","0.520127108153708","-0.179781195277773"
"ds392","KC","Find individual area.Find added area.Know to pose component areas.Know to use component areas.Successfully pose component areas","-1.22953433683611","0.0822302932849823"
"ds392","KC","Find individual area.Find added area.Successfully pose component areas","-1.70982574880793","0.0823953257886332"
"ds392","KC","Find individual area.Find subtracted area.Know to pose component areas.Know to use component areas.Successfully pose component areas","-1.35419226721787","0.0430941251094785"
"ds392","KC","Find individual area.Find subtracted area.Successfully pose component areas","-1.21139573619363","-0.0707664401040269"
"ds392","KC","Find parallelogram area","1.42984298194056","-0.0728640889034298"
"ds392","KC","Find parallelogram perimeter","0.760843673021669","-0.0659626655072551"
"ds392","KC","Find rectangle area","0.836574613078129","0.0330014216659067"
"ds392","KC","Find rectangle perimeter","0.292660234868993","0.0313735617618804"
"ds392","KC","Find square area","0.79045180026742","-0.0557696448414706"
"ds392","KC","Find square perimeter","1.11988524560609","-0.0863520698497443"
"ds392","KC","Find subtracted area","0.059049989509666","-0.0627707146867888"
"ds392","KC","Find subtracted area.Know to use component areas","0.57278823188865","-0.147708448658533"
"ds392","KC","Find trapezoid area","-0.320806025530619","0.0893281378701838"
"ds392","KC","Find trapezoid perimeter","1.56532341087529","-0.0734376048020558"
"ds392","KC","Find triangle area","0.327146468853912","0.0646221998722563"
"ds392","KC","Find triangle perimeter","0.860788005747687","0.18724281358736"
"ds392","KC","para-area","0.638594286012497","-0.142176899964766"
"ds392","KC","trapezoid-area","-0.0399168134550731","0.0557868419900297"
"ds392","KC","triangle-area","0.0439546507170867","0.0502736974401452"
"ds563","KC","compare_comparison","0.950337930437141","-0.0834866543030864"
"ds563","KC","denominator_addition","1.56870498680266","0.0107001716054657"
"ds563","KC","denominator_comparison","1.64928955320973","-0.136286067768753"
"ds563","KC","denominator_equivalentConc","-0.0566164189751973","-0.0145388452888385"
"ds563","KC","denominator_equivalentProc","1.10867862664666","-0.0254256810714469"
"ds563","KC","denominator_makeFract","2.19344101736693","-0.0965294713628191"
"ds563","KC","denominator_makeImpFract","0.187979300836513","-0.0497543767248131"
"ds563","KC","denominator_nameFract","1.38973347481128","-0.0565175798071594"
"ds563","KC","denominator_nameImpFract","-0.205780435548894","-0.0776151921786089"
"ds563","KC","denominator_recUnit","0.0939254150698198","0.0750611455978189"
"ds563","KC","denominator_subtraction","1.66055281741777","0.0290746546189856"
"ds563","KC","dragPiece_makeFract","4.12142428707118","-0.0376871126594128"
"ds563","KC","dragPiece_makeImpFract","2.3353197955043","-0.043398410191198"
"ds563","KC","makeFract_addition","-0.793701224130862","0.149799747510686"
"ds563","KC","makeFract_comparison","-1.14838924212751","-0.083538812094692"
"ds563","KC","makeFract_equivalentConc","-1.82179950276882","0.0703833975342864"
"ds563","KC","makeFract_equivalentProc","-0.541382251659187","-0.0115571323237059"
"ds563","KC","makeFract_makeFract","1.30716579349994","-0.2488929797917"
"ds563","KC","makeFract_makeImpFract","-0.515284072462493","0.0678978160563368"
"ds563","KC","makeFract_recUnit","-0.462764730094548","0.0892902515526567"
"ds563","KC","makeFract_subtraction","-1.34346020069018","-0.0103918587358022"
"ds563","KC","multiply_equivalentConc","0.432090225555802","-0.0410009823691653"
"ds563","KC","numerator_addition","0.574252114564853","-0.0664453923019438"
"ds563","KC","numerator_comparison","0.803132179916727","-0.094008558883241"
"ds563","KC","numerator_equivalentConc","0.355319902330122","-0.0249897283479223"
"ds563","KC","numerator_equivalentProc","1.26047833547653","-0.0596729534156337"
"ds563","KC","numerator_makeFract","1.51136074173665","-0.101466697696919"
"ds563","KC","numerator_makeImpFract","-0.486288149442038","-0.0441544430015229"
"ds563","KC","numerator_nameFract","1.60331273545202","-0.0586491263825986"
"ds563","KC","numerator_nameImpFract","-0.668526532625487","-0.0703904698875413"
"ds563","KC","numerator_recUnit","-0.887702032383343","0.0826353530822482"
"ds563","KC","numerator_subtraction","1.21474105151393","-0.00531916829973055"
"ds563","KC","SE_addition_addition","1.44748040123339","-0.0213266241070582"
"ds563","KC","SE_addition_subtraction","0.957109398909178","-0.00054220261844736"
"ds563","KC","SE_comparison_comparison","0.345163136322993","-0.0863907657031091"
"ds563","KC","SE_comparison_makeFract","0.170571096198022","-0.0428070894164387"
"ds563","KC","SE_comparison_nameFract","0.0220399951142135","-0.0689017631176656"
"ds563","KC","SE_denominator_addition","-0.0353824081335033","0.111102097741442"
"ds563","KC","SE_denominator_subtraction","1.05925616221834","-0.0390724144708764"
"ds563","KC","SE_equivalence_comparison","-0.383972107258682","0.0253901667160007"
"ds563","KC","SE_equivalence_equivalentConc","0.418820868029663","-0.0793680000110824"
"ds563","KC","SE_equivalence_equivalentProc","0.831720324011997","0.00984250463149648"
"ds563","KC","SE_findUnit_makeFract","0.369065723201853","0.0671033904957476"
"ds563","KC","SE_findUnit_recUnit","1.01651321404353","0.0444638790013773"
"ds563","KC","SE_numerator_addition","0.767354045760113","0.139942105508205"
"ds563","KC","SE_numerator_subtraction","1.84129049895531","-0.0759115701682869"
"ds563","KC","unit_addition","-0.318021491166097","0.0454135299169685"
"ds563","KC","unit_makeImpFract","0.230797576404629","0.0290638218474017"
"ds563","KC","unit_nameFract","0.942101003093786","-0.0879681601050138"
"ds563","KC","unit_nameImpFract","-0.63561664508691","0.0191705502233299"
"ds563","KC","unit_subtraction","1.21750858195654","-0.0444199330452708"
"ds563","KC","wholeNumber_equivalentConc","0.00987848668877182","0.147138303998113"
"ds563","KC","wholeNumber_makeImpFract","1.02603567699172","-0.0328381614455724"
"ds563","KC","wholeNumber_nameImpFract","-0.265519610278082","0.0259505422112874"
"ds564","KC","0","3.24479185858338","-0.044729984455531"
"ds564","KC","compare_comparison","0.741460075842997","-0.0870906211783224"
"ds564","KC","denominator_addition","1.45904268125281","-0.185482988647522"
"ds564","KC","denominator_comparison","0.456605120721071","0.110062247087626"
"ds564","KC","denominator_equivalentConc","-0.233009456419524","0.0702532708377982"
"ds564","KC","denominator_equivalentProc","-0.0105266440468902","0.400941721924172"
"ds564","KC","denominator_makeFract","2.01976975454729","-0.10754353094824"
"ds564","KC","denominator_makeImpFract","0.175807349209798","-0.0165767939149953"
"ds564","KC","denominator_nameFract","1.25044916346593","-0.0461018747299265"
"ds564","KC","denominator_nameImpFract","-0.207434870911399","-0.0483021623540752"
"ds564","KC","denominator_recUnit","0.310725357262046","-0.0778085413904604"
"ds564","KC","denominator_subtraction","1.899936633218","-0.257598799219759"
"ds564","KC","dragPiece_makeFract","2.95115181267964","-0.0752589035915421"
"ds564","KC","dragPiece_makeImpFract","2.12863723838639","0.0359819536904225"
"ds564","KC","makeFract_addition","-1.099256676382","0.103734855936305"
"ds564","KC","makeFract_comparison","-2.05506930865095","-0.0149127631706143"
"ds564","KC","makeFract_equivalentConc","-1.83565625604573","0.123830540718567"
"ds564","KC","makeFract_equivalentProc","-0.747110465567767","-0.0820429452664567"
"ds564","KC","makeFract_makeFract","0.530086637675578","-0.694343496890302"
"ds564","KC","makeFract_makeImpFract","-0.563469534919238","0.0265796155886654"
"ds564","KC","makeFract_recUnit","-1.06445226908939","0.0532539286630477"
"ds564","KC","makeFract_subtraction","-2.12654691743961","0.0940098502995887"
"ds564","KC","mix_addition","0.64650263148161","-0.0353553798113024"
"ds564","KC","mix_comparison","1.20732185890221","-0.389737033721784"
"ds564","KC","mix_equivalentConc","0.754069386630669","-0.105626594873878"
"ds564","KC","mix_equivalentProc","0.650940490237881","-0.0978409194595565"
"ds564","KC","mix_makeFract","2.30485247521933","-0.13983461628895"
"ds564","KC","mix_makeImpFract","0.971396390610651","-0.0568103488912259"
"ds564","KC","mix_nameFract","2.22591134557492","-0.093255076539498"
"ds564","KC","mix_nameImpFract","-0.0476865004533348","-0.0303122235056386"
"ds564","KC","mix_recUnit","-0.24018191000901","-0.0274045158520997"
"ds564","KC","mix_subtraction","0.923425315314286","-0.0535432848039831"
"ds564","KC","multiply_equivalentConc","-0.416758808187136","0.0173482278858453"
"ds564","KC","numerator_addition","0.46221133406575","-0.0823499539820797"
"ds564","KC","numerator_comparison","0.507635231492774","-0.135251185371881"
"ds564","KC","numerator_equivalentConc","-0.0387984896447876","0.0408112703691917"
"ds564","KC","numerator_equivalentProc","0.167410693261989","0.12043882750984"
"ds564","KC","numerator_makeFract","1.76991917470696","-0.166899049303176"
"ds564","KC","numerator_makeImpFract","-0.401647563576579","-0.0306569034394932"
"ds564","KC","numerator_nameFract","1.38271882288592","-0.0307496476554718"
"ds564","KC","numerator_nameImpFract","-0.800387456712716","-0.0261417391071336"
"ds564","KC","numerator_recUnit","-1.20849454496847","0.0593062576607501"
"ds564","KC","numerator_subtraction","0.363863956476369","-0.0560295785596508"
"ds564","KC","SE_addition_addition","1.24688846077388","0.025184004238361"
"ds564","KC","SE_addition_subtraction","1.1735939173637","-0.0514773665962891"
"ds564","KC","SE_comparison_comparison","0.205827702177567","-0.111603207767944"
"ds564","KC","SE_comparison_makeFract","-0.162643942171009","0.0136918568749545"
"ds564","KC","SE_comparison_nameFract","-0.0256562006208513","-0.0376936314137293"
"ds564","KC","SE_denominator_addition","-0.346951283265364","0.154240956033568"
"ds564","KC","SE_denominator_subtraction","0.831918035679829","-0.163610951277118"
"ds564","KC","SE_equivalence_comparison","-0.326915939992643","0.106561425260086"
"ds564","KC","SE_equivalence_equivalentConc","0.100107665934766","-0.0430776437634214"
"ds564","KC","SE_equivalence_equivalentProc","0.981308400826729","-0.102599514974681"
"ds564","KC","SE_findUnit_makeFract","0.142263645082621","0.0677902502466993"
"ds564","KC","SE_findUnit_recUnit","0.495999850031544","0.0587551675752355"
"ds564","KC","SE_numerator_addition","0.639131418713828","0.347985824215835"
"ds564","KC","SE_numerator_subtraction","1.81713217930739","-0.127786896617798"
"ds564","KC","unit_addition","-0.661190008602988","0.11283739592118"
"ds564","KC","unit_makeImpFract","-1.38244536161742","0.100115661490147"
"ds564","KC","unit_nameFract","1.05535103566009","-0.0784809074669895"
"ds564","KC","unit_nameImpFract","-0.747053939786285","0.0317148511907514"
"ds564","KC","unit_subtraction","0.417764521938411","-0.0274582277509244"
"ds564","KC","wholeNumber_equivalentConc","-0.393412788751032","0.265638748385688"
"ds564","KC","wholeNumber_makeImpFract","0.0149846124900644","0.0903834597623547"
"ds564","KC","wholeNumber_nameImpFract","-0.822925278296213","0.094616303028961"
"ds394","KC","allSkill","0.775677190832987","-0.1857106379491"
"ds394","KC","allSkill*a","0.385202606839729","-0.212959660838312"
"ds394","KC","allSkill*a*study3Spring2010Tutor_default_KC-generic-singular","-0.157528889782692","-0.0495543488280136"
"ds394","KC","allSkill*number-letter","0.968889039309602","0.130947018491249"
"ds394","KC","allSkill*number-letter*an","1.11265964301399","-0.0455122097981918"
"ds394","KC","allSkill*number-letter*an*study3Spring2010Tutor_default_KC-number-letter","-0.0626988876460114","0.0335975113579619"
"ds394","KC","allSkill*rule_generic-noncount","0.347927110258786","0.0849622404069298"
"ds394","KC","allSkill*rule_generic-singular","0.0399041144251735","0.0142192579180397"
"ds394","KC","allSkill*study3Spring2010Tutor_default_KC-generic-noncount","-0.330132818733126","0.0247354962750175"
"ds394","KC","allSkill*study_generic-noncount","0.213205679015742","-0.0666628097136773"
"ds394","KC","allSkill*the","1.26273061802955","0.0534924956237979"
"ds394","KC","allSkill*the*already-mentioned","1.35530364881841","-0.0330413518683088"
"ds394","KC","allSkill*the*study3Spring2010Tutor_default_KC-already-mentioned","2.58387396247426","-0.145117545752402"
"ds1305","KC","Collect and Represent Data: Coach","-1.11286882110332","0.141902443615444"
"ds1305","KC","Create Equivalent Ratios: Coach","-0.224201411950026","-0.0154671140893987"
"ds1305","KC","Explore Compound Probabilities: Coach","0.369440090262557","0.0688029950627304"
"ds1305","KC","Explore Populations and Samples: Coach","0.278777377398429","-0.0275721184590457"
"ds1305","KC","Find Areas of Parallelograms and Triangles: Coach","0.517403298178304","-0.0411496675881239"
"ds1305","KC","Investigate Circles: Coach","0.181151905682949","0.00895049691399205"
"ds1305","KC","Predict Probabilities: Coach","0.270972079950462","-0.15225791589319"
"ds1305","KC","Solve Algebraic Equations: Coach","0.50992343048313","0.00434304371905339"
"ds1305","KC","Solve Algebraic Inequalities: Coach","0.0790900604253453","-0.113814562514534"
"ds1305","KC","Understand Ratios: Coach","0.447034358376566","-0.123393270230061"
"ds1305","KC","Use Nets to Find Surface Area: Coach","0.414391355220641","0.0679934551575277"
"ds1305","KC","Write and Solve Inequalities: Coach","1.11390188884521","-0.123191654674266"
"ds565","KC","compareLarger_comparison","0.85910850927155","-0.0248255624455045"
"ds565","KC","compareSmaller_comparison","0.4845761807051","0.101446995219548"
"ds565","KC","multiply_equivalentConc","-0.434555317506364","-0.0236772415510792"
"ds565","KC","nameFract_denom_addition","1.08240152033932","-0.0957526709956888"
"ds565","KC","nameFract_denom_comparison","0.577214608383398","-0.0590118238733401"
"ds565","KC","nameFract_denom_equivalentConc","0.153622423913283","-0.0601961706720219"
"ds565","KC","nameFract_denom_equivalentProc","0.764372750556178","-0.0917590162599786"
"ds565","KC","nameFract_denom_makeImpFract","0.185904478078813","-0.059828825552999"
"ds565","KC","nameFract_denom_nameFract","0.73809343726981","0.102020764927764"
"ds565","KC","nameFract_denom_nameImpFract","-0.663453939538349","-0.0750272071433572"
"ds565","KC","nameFract_denom_subtraction","1.60583112219835","-0.0564738497705089"
"ds565","KC","nameFract_num_addition","0.807665247276529","-0.104637437881258"
"ds565","KC","nameFract_num_comparison","0.333193750340988","-0.0799015756242548"
"ds565","KC","nameFract_num_equivalentConc","0.192225666045941","-0.042969014797698"
"ds565","KC","nameFract_num_equivalentProc","0.746353325329956","-0.0649362432205975"
"ds565","KC","nameFract_num_makeImpFract","-0.635078990339289","-0.0738538278384114"
"ds565","KC","nameFract_num_nameFract","1.15354913755409","0.0114935420308886"
"ds565","KC","nameFract_num_nameImpFract","-0.737258038136567","-0.089601187439305"
"ds565","KC","nameFract_num_subtraction","0.814511901191487","-0.0157502743752368"
"ds565","KC","numSect_denom_makeFract","0.697706822874063","-0.0400716622224085"
"ds565","KC","numSect_denom_makeImpFract","-0.843344051764185","-0.02520550381511"
"ds565","KC","numSect_denom_nameFract","-0.0298917452370363","0.0302356426291429"
"ds565","KC","numSect_denom_nameImpFract","-0.922805173305926","-0.0676033621996624"
"ds565","KC","numSect_denom_recUnit","0.411332640794265","0.100013012646766"
"ds565","KC","numSect_num_addition","-0.312631951512776","-0.0454374342560794"
"ds565","KC","numSect_num_makeFract","1.29019457133209","-0.0926699143849563"
"ds565","KC","numSect_num_makeImpFract","-1.4349289972998","0.0448243425922682"
"ds565","KC","numSect_num_nameFract","0.196553636933851","-0.0260545499076485"
"ds565","KC","numSect_num_nameImpFract","-1.01439571886922","-0.0388071646366117"
"ds565","KC","numSect_num_recUnit","-0.721704234047638","0.179971359852993"
"ds565","KC","numSect_num_subtraction","0.567010132651251","-0.0546000260297788"
"ds565","KC","numUnit_makeImpFract","0.894971848645015","-0.022282822950763"
"ds565","KC","numUnit_nameImpFract","-0.400977416400373","0.0282518560593426"
"ds565","KC","one_equivalentConc","-0.00353510406428813","0.194820692567093"
"ds565","KC","partitionDenom_addition","-1.61965528678076","-0.0361638713991215"
"ds565","KC","partitionDenom_comparison","-1.6948846375721","-0.0457703755570618"
"ds565","KC","partitionDenom_equivalentConc","-0.749293421761633","-0.0174693581681483"
"ds565","KC","partitionDenom_equivalentProc","-0.367977518793365","0.0121980938985361"
"ds565","KC","partitionDenom_subtraction","-0.630018586168857","-0.0468285033805798"
"ds565","KC","placeDot_addition","-1.2229844260646","0.0157964908024947"
"ds565","KC","placeDot_equivalentConc","-1.49756320358076","0.164614950698179"
"ds565","KC","placeDot_makeFract","1.62292342209081","-0.158400669446392"
"ds565","KC","placeDot_makeImpFract","0.021787624154048","-0.00726608622469098"
"ds565","KC","placeDot_recUnit","0.445829197550832","0.044913867108537"
"ds565","KC","placeDot_subtraction","-1.184300894897","-0.140551782219386"
"ds565","KC","relationAmount_comparison","0.231117485550931","-0.1001722185127"
"ds565","KC","relationAmount_equivalentConc","-0.0336910152235825","0.126246304199516"
"ds565","KC","relationAmount_makeFract","0.343194901058335","0.0142953376816321"
"ds565","KC","relationAmount_nameFract","-0.31289914204342","0.0208626944631812"
"ds565","KC","relationComparison_comparison","0.382859812884693","-0.071522187438001"
"ds565","KC","relationEquivalence_comparison","-0.475045637801252","0.0125322012452764"
"ds565","KC","relationEquivalence_equivalentConc","0.0502145478259395","-0.0799018371770764"
"ds565","KC","relationFract_makeFract","0.917651104667012","-0.0836221131250609"
"ds565","KC","relationFract_nameFract","0.156274393431267","0.0135596269004849"
"ds565","KC","relationSectNumber_makeFract","0.816112416661131","0.0187891229244514"
"ds565","KC","relationSectNumber_nameFract","0.233481182600065","0.115298337808604"
"ds565","KC","relationSectSize_makeFract","0.616361130908567","0.0055493457037802"
"ds565","KC","relationSectSize_nameFract","-0.317758489068691","0.188496663159497"
"ds565","KC","relationSum_addition","1.11451633916321","0.0614843012842478"
"ds565","KC","relationSum_subtraction","1.92774020426067","-0.00915607780500025"
"ds565","KC","repeatDenomTimes_makeFract","0.526224262436762","0.0206419065650884"
"ds565","KC","repeatDenomTimes_recUnit","1.20601124472801","0.106656135982221"
"ds565","KC","repeatUnit_makeFract","0.834942898487798","0.0612477624989075"
"ds565","KC","repeatUnit_recUnit","2.01999708640718","0.102675171968537"
"ds565","KC","whatIsDenom_addition","0.390290842738164","0.105573829813507"
"ds565","KC","whatIsDenom_subtraction","1.33694748527394","0.0159574077767202"
"ds565","KC","whatIsNum_addition","0.720593907392635","0.0651072483114477"
"ds565","KC","whatIsNum_subtraction","1.92934927678041","-0.0962227155274455"
"ds565","KC","whatIsUnit_addition","0.467593169371872","0.0294279389898791"
"ds565","KC","whatIsUnit_makeFract","1.30941441063811","-0.0149193274002027"
"ds565","KC","whatIsUnit_makeImpFract","1.2055419787828","0.0201268219255847"
"ds565","KC","whatIsUnit_nameFract","0.298770715613581","-0.0186483371991746"
"ds565","KC","whatIsUnit_nameImpFract","0.123016050860098","0.127552763197144"
"ds565","KC","whatIsUnit_subtraction","1.64600345517613","0.00541465919643753"
"ds565","KC","whyDifferent_equivalentConc","0.877610114560817","-0.219585228625633"
"ds565","KC","whyDifferent_equivalentProc","1.01473186780436","-0.00494570633607443"
"ds565","KC","whyTheSame_equivalentConc","0.448236431019473","-0.0406609638880487"
"ds565","KC","whyTheSame_equivalentProc","1.87534250270715","0.0374500552455815"
"ds115","KC","response_above","0.616866844622785","-0.212026897429911"
"ds115","KC","response_abroad","0.825976464649482","-0.127287214303831"
"ds115","KC","response_address","-0.114028129293434","0.0245160220372628"
"ds115","KC","response_again","0.206857683727964","-0.073563996227732"
"ds115","KC","response_ai4","-0.418171187597885","0.11845873611338"
"ds115","KC","response_airport","1.03920653797373","-0.249950305597341"
"ds115","KC","response_all","0.221120092049421","-0.00688803442650758"
"ds115","KC","response_ba4ba","1.36975423774979","-0.285277353529955"
"ds115","KC","response_bai3","0.200391831127402","-0.0206238233576904"
"ds115","KC","response_ban4","-0.118095644422712","0.0492170071557442"
"ds115","KC","response_bang4","-0.367133990052031","0.0828504148783329"
"ds115","KC","response_basketball","1.35396564102381","-0.362142094134009"
"ds115","KC","response_beautiful","1.79952897298131","-0.414284299624299"
"ds115","KC","response_before","0.319074786792452","-0.153798184741807"
"ds115","KC","response_bei1","-0.749837924698688","0.200380316312055"
"ds115","KC","response_bi3jiao4","-3.52783574624097","0.730019123002225"
"ds115","KC","response_bi4ye4","-1.52799036758223","0.341364071836312"
"ds115","KC","response_big","1.01515114483747","-0.188182185653027"
"ds115","KC","response_birthday","0.391426641878034","-0.0280866182525352"
"ds115","KC","response_book","0.910614339686414","-0.131855388522818"
"ds115","KC","response_boss","1.34027435192847","-0.299059424717745"
"ds115","KC","response_bottle","0.30428551070693","-0.0190237275468124"
"ds115","KC","response_busy","1.07191496466608","-0.234028678069491"
"ds115","KC","response_cai4","-0.912960169936893","0.205923187723932"
"ds115","KC","response_cake","0.930649089447693","-0.311960146664502"
"ds115","KC","response_car","1.76850294046977","-0.35777585463351"
"ds115","KC","response_chang2","-0.567917380139674","0.0800958523839245"
"ds115","KC","response_che1","0.213862908540686","-0.0509526639332781"
"ds115","KC","response_chen4shan1","-2.5059842807826","0.52817319837692"
"ds115","KC","response_cheng2shi4","-3.22259853919441","0.656420342120647"
"ds115","KC","response_chi1","-0.762182187264531","0.142093097562013"
"ds115","KC","response_chu2fang2","-1.5352352685367","0.304059026016104"
"ds115","KC","response_city","0.950207781033939","-0.293674424116792"
"ds115","KC","response_coach","0.60467655640288","-0.105992063240706"
"ds115","KC","response_cola","1.44216954219871","-0.294108284491132"
"ds115","KC","response_cold","0.859805982533414","-0.157734117931123"
"ds115","KC","response_college","1.13250110553912","-0.296715998715028"
"ds115","KC","response_comfortable","0.435315059682964","-0.119983785682799"
"ds115","KC","response_company","0.763911484646279","-0.187802788389022"
"ds115","KC","response_computer","0.947216142342691","-0.160427570792898"
"ds115","KC","response_correct","0.0944337711330396","-0.0571123271923874"
"ds115","KC","response_country","0.830101599600262","-0.239711016122602"
"ds115","KC","response_cup","0.878615580024416","-0.0824493198758847"
"ds115","KC","response_da4","0.217625977439026","-0.0121222924769112"
"ds115","KC","response_da4xue2","-2.3814359702251","0.502420940267486"
"ds115","KC","response_dan4gao1","-1.53900644274649","0.297701334572207"
"ds115","KC","response_day","0.580200997121134","-0.141508708458065"
"ds115","KC","response_di4tu2","-2.2594501228849","0.49682392343517"
"ds115","KC","response_di4zhi3","-3.68513811758328","0.75854041010702"
"ds115","KC","response_dian4hua4","-2.46103447449192","0.521171939608395"
"ds115","KC","response_dian4nao3","-2.31549549371445","0.484265737538768"
"ds115","KC","response_dian4ying3","-3.06654363357395","0.6433513205196"
"ds115","KC","response_dian4yuan2","-2.84115606878431","0.598594966244724"
"ds115","KC","response_difficult","1.38407660032189","-0.305446815212059"
"ds115","KC","response_dish","0.190571338814075","-0.0945432573292517"
"ds115","KC","response_doctor","1.66844938444777","-0.346444692703217"
"ds115","KC","response_dog","2.68855537164614","-0.535907506032269"
"ds115","KC","response_dou1","-1.45896180811019","0.31660094772674"
"ds115","KC","response_dui4","-2.09695641616243","0.442645120116668"
"ds115","KC","response_e4","0.0729001813010521","-0.0193960271210042"
"ds115","KC","response_engineering","1.18477288162307","-0.240247642936504"
"ds115","KC","response_fang2jian1","-2.52299383959687","0.56072418153762"
"ds115","KC","response_fang2zu1","-2.54652825113222","0.531139781684168"
"ds115","KC","response_fast","0.618299026817652","-0.0990601022317529"
"ds115","KC","response_father","3.7373570080293","-0.763353654937041"
"ds115","KC","response_few","0.416533963744699","-0.123908361767129"
"ds115","KC","response_four","1.33740140057731","-0.238325599582233"
"ds115","KC","response_friend","1.25378844297775","-0.3069051843527"
"ds115","KC","response_gong1cheng2","-2.11323711783475","0.431855967498036"
"ds115","KC","response_gong1ke4","-2.70083018283015","0.57641418314281"
"ds115","KC","response_gong1si1","-1.79974524551985","0.381355230009085"
"ds115","KC","response_gong1yuan2","-2.92007835906958","0.613884046779979"
"ds115","KC","response_gong1zuo4","-2.56603666468599","0.550095437147349"
"ds115","KC","response_good","0.51081248076542","-0.062570714596298"
"ds115","KC","response_gou3","-0.625872958603402","0.110970507135687"
"ds115","KC","response_guo2","-0.138261669095775","0.056950002606391"
"ds115","KC","response_guo2wai4","-1.81968336255096","0.404857881018305"
"ds115","KC","response_hai3bian1","-2.18438689849515","0.453258819252042"
"ds115","KC","response_half","0.514475495102316","-0.181887611698481"
"ds115","KC","response_hao3","-0.504274584619974","0.129766530254724"
"ds115","KC","response_happy","0.644148001883617","-0.131631872533432"
"ds115","KC","response_hen3","-0.76127650023482","0.130436886797269"
"ds115","KC","response_homework","1.15248340442789","-0.230025991109374"
"ds115","KC","response_hong2","-0.328142744281153","0.0797031925231197"
"ds115","KC","response_hui2","-1.20882178327661","0.24340157666857"
"ds115","KC","response_hundred","0.538203285240352","-0.0606744527913256"
"ds115","KC","response_hungry","0.607740273392063","-0.097598297945556"
"ds115","KC","response_huo3che1","-3.12628661292118","0.670352440754925"
"ds115","KC","response_inside","0.265478767251502","-0.0800182750129905"
"ds115","KC","response_ji1chang3","-3.74455162273974","0.77166082793039"
"ds115","KC","response_ji1hui4","-3.15780582899491","0.662703067412265"
"ds115","KC","response_jian4","-1.06396933566562","0.250193454261939"
"ds115","KC","response_jiao4","-1.15585051697911","0.257561633768148"
"ds115","KC","response_jiao4lian4","-2.16753389147191","0.43088630189155"
"ds115","KC","response_jie4shao4","-3.33048545441804","0.698684803537264"
"ds115","KC","response_jin1tian1","-2.05830372111528","0.441707117154576"
"ds115","KC","response_jing3se4","-3.05836770949405","0.623660593623088"
"ds115","KC","response_job","0.312759971033006","-0.0779614741262482"
"ds115","KC","response_ke2sou4","-2.69249793676979","0.575318911931967"
"ds115","KC","response_ke3le4","-1.53880910887039","0.328044760158696"
"ds115","KC","response_kitchen","1.51453912941026","-0.293970741827498"
"ds115","KC","response_kuai4","-2.21551936206787","0.491572805677166"
"ds115","KC","response_lan2qiu2","-3.1956060315075","0.665263899159593"
"ds115","KC","response_lao3ban3","-2.4913260956381","0.530085864380184"
"ds115","KC","response_lao3shi1","-2.33100728668232","0.514411977735158"
"ds115","KC","response_leng3","-0.621350096900202","0.152624301299627"
"ds115","KC","response_letter","-0.0975151504408175","0.0735587476056535"
"ds115","KC","response_li3bian1","-3.27074976516243","0.6680686519966"
"ds115","KC","response_lian4xi2","-2.78933460881606","0.578464532902128"
"ds115","KC","response_liang3","-0.673861533844656","0.163691340054663"
"ds115","KC","response_life","0.212365668204207","-0.0121160348042636"
"ds115","KC","response_lou2shang4","-2.47539186425085","0.538847758630278"
"ds115","KC","response_mai3","-0.510026983965416","0.100271481582233"
"ds115","KC","response_man4","-0.132517600695505","0.0329591214961474"
"ds115","KC","response_mang2","-0.840811266343825","0.148169339729745"
"ds115","KC","response_map","0.553672873163205","-0.110329876464137"
"ds115","KC","response_mei3li4","-2.07440829295359","0.448165773347697"
"ds115","KC","response_middle","0.643548280519556","-0.172581176203848"
"ds115","KC","response_ming2tian1","-2.62170140653578","0.560085936773423"
"ds115","KC","response_ming2zi","-1.88396913178218","0.44514343250476"
"ds115","KC","response_mister","0.850996233918574","-0.24202432890298"
"ds115","KC","response_money","1.21217379829569","-0.240755243436154"
"ds115","KC","response_movie","0.802439221799157","-0.201931335870179"
"ds115","KC","response_na3","-0.645338800184833","0.14890543484016"
"ds115","KC","response_name","0.361571557586639","-0.0671575192472273"
"ds115","KC","response_nan2","-0.398598412214556","0.120958019223356"
"ds115","KC","response_nar3","0.0707651855696121","0.0100278503734059"
"ds115","KC","response_new","0.417345455640903","0.0182730678963881"
"ds115","KC","response_ni3","-0.0797654021861744","0.0223073287720166"
"ds115","KC","response_nian2","-2.03762329691183","0.468242568648473"
"ds115","KC","response_night","-0.0349234556754776","0.0402921608187723"
"ds115","KC","response_now","-0.689265275847272","0.11424272486427"
"ds115","KC","response_nuan3huo","-3.03401697416652","0.639928521927493"
"ds115","KC","response_often","-0.032579243185102","0.00700262740886015"
"ds115","KC","response_one","1.67958385213772","-0.302456428436025"
"ds115","KC","response_only","-0.36496155257672","0.0382140084811506"
"ds115","KC","response_opportunity","0.287076655018759","-0.2012803568523"
"ds115","KC","response_park","0.419003415738968","-0.0689283504639844"
"ds115","KC","response_peng2you","-0.562631461327759","0.13427917549241"
"ds115","KC","response_person","1.61985251970028","-0.272821396541128"
"ds115","KC","response_phone","-0.0499227311619295","-0.0178347542780267"
"ds115","KC","response_piao4","-0.35512564303786","0.0966690486496256"
"ds115","KC","response_ping2","-0.783857486810084","0.136573250114659"
"ds115","KC","response_problem","0.190633516618171","-0.124110690040507"
"ds115","KC","response_qian2","-1.92062058154012","0.398695170295717"
"ds115","KC","response_red","0.999044666696367","-0.258608250554589"
"ds115","KC","response_relatively","0.242928915423301","0.00107480917464969"
"ds115","KC","response_ren2","0.0466332236645092","-0.0189761865489763"
"ds115","KC","response_rent","0.143844791044211","-0.120296940563419"
"ds115","KC","response_ri4","-0.402277297804298","0.102873179158031"
"ds115","KC","response_room","0.455634634980532","-0.0409963662493349"
"ds115","KC","response_salesman","1.29996374884581","-0.23928692292716"
"ds115","KC","response_seaside","0.727463248828875","-0.235395864360997"
"ds115","KC","response_shang4bian1","-2.3139081816138","0.485810585219428"
"ds115","KC","response_shao3","-0.476114815047383","0.0966609296745961"
"ds115","KC","response_shen2me","-1.79889573269975","0.40309958636017"
"ds115","KC","response_sheng1huo2","-2.97102588000535","0.630443093312962"
"ds115","KC","response_sheng1ri4","-2.73058175218304","0.567895788978985"
"ds115","KC","response_shi2jian1","-3.87230254130189","0.792644039287529"
"ds115","KC","response_shirt","0.719951131743314","-0.211564335422319"
"ds115","KC","response_shu1","-0.975444044783934","0.199358996752547"
"ds115","KC","response_shu1fu","-1.3866078867364","0.305362366333432"
"ds115","KC","response_shuo1","-1.13002217358207","0.254080740664085"
"ds115","KC","response_si4","0.158816517424347","-0.0547837540628659"
"ds115","KC","response_slow","1.08848804691707","-0.153314076871111"
"ds115","KC","response_small","1.02552292395337","-0.300520795601223"
"ds115","KC","response_soup","1.40353718100371","-0.178529870304851"
"ds115","KC","response_student","0.769658270765911","-0.191104724451936"
"ds115","KC","response_sui4","-1.37546815619786","0.282733781721582"
"ds115","KC","response_summer","0.599635834359194","-0.0970355449936809"
"ds115","KC","response_table","0.354205997572716","-0.0881663827012905"
"ds115","KC","response_tang1","-0.0363509917598336","0.0178454155825894"
"ds115","KC","response_teacher","1.05229420815018","-0.226692830448009"
"ds115","KC","response_this","-0.105967434030743","0.026923108820895"
"ds115","KC","response_ticket","0.49916535024731","-0.0698035216021686"
"ds115","KC","response_time","-0.0925576843186753","-0.0785083633448461"
"ds115","KC","response_to+ask","0.693889545074492","-0.129394438892185"
"ds115","KC","response_to+buy","0.298984812020498","0.0755698017455859"
"ds115","KC","response_to+call","-0.216914209665207","0.020534743083914"
"ds115","KC","response_to+cook","0.856199231353858","-0.178351247225322"
"ds115","KC","response_to+cough","-0.150818560752501","-0.0288467764626276"
"ds115","KC","response_today","0.848757385891996","-0.28886473415528"
"ds115","KC","response_to+do","0.151596115865651","-0.00656960489729151"
"ds115","KC","response_to+eat","0.679924929764963","-0.119710513904907"
"ds115","KC","response_to+graduate","0.383055716459756","-0.0676602036893187"
"ds115","KC","response_to+have","0.262241652414516","-0.108352596988095"
"ds115","KC","response_to+introduce","0.231284049856369","0.00458976788254356"
"ds115","KC","response_to+live","0.140109692200706","0.00250887909443994"
"ds115","KC","response_to+love","0.735818186502269","-0.103710070202678"
"ds115","KC","response_tomorrow","0.591191033081724","-0.150092693561342"
"ds115","KC","response_to+practice","-0.346668744928496","0.0982860047469792"
"ds115","KC","response_to+rain","-0.110280887658792","0.0449047041906844"
"ds115","KC","response_to+rest","-0.141522235045574","0.0669916493831135"
"ds115","KC","response_to+return","-0.121836051741396","-0.0108636412881134"
"ds115","KC","response_to+see","0.0960764850492782","-0.0730876135594595"
"ds115","KC","response_to+smoke","0.297509470022399","-0.0325553388975758"
"ds115","KC","response_to+speak","-0.404267061070672","0.0773732960613646"
"ds115","KC","response_to+swim","0.431777142909542","0.0204838769814756"
"ds115","KC","response_to+walk","0.0813027329945751","0.013595301649402"
"ds115","KC","response_to+walk+2","0.24902886302704","-0.123628388465779"
"ds115","KC","response_to+want","0.0023694574228887","-0.0734831333040817"
"ds115","KC","response_train","0.436993906357532","-0.181286449790675"
"ds115","KC","response_two","1.12667449140935","-0.197417891739107"
"ds115","KC","response_upstairs","0.523578864493102","-0.101797384771415"
"ds115","KC","response_very","0.0759741422676095","-0.0398834917335355"
"ds115","KC","response_view","-0.686614336286058","0.105732158302912"
"ds115","KC","response_wan3shang4","-2.53944107845478","0.519118598010451"
"ds115","KC","response_warm","0.465546344344784","-0.141471450677589"
"ds115","KC","response_weekdays","-0.735367707728534","0.0630153355588553"
"ds115","KC","response_wen4","0.199504072424835","-0.0461491945543698"
"ds115","KC","response_wen4ti2","-2.10741026148191","0.444771235034964"
"ds115","KC","response_west","0.130464801820995","-0.0469925208080094"
"ds115","KC","response_what","-0.0729590834135694","-0.0473159459621572"
"ds115","KC","response_where","0.600446107995319","-0.0913840982032103"
"ds115","KC","response_which","0.566358385430763","-0.0887300752026185"
"ds115","KC","response_wonderful","1.20941134572602","-0.216964540525555"
"ds115","KC","response_xi1bu4","-1.78334231159319","0.382176785875475"
"ds115","KC","response_xi1yan1","-2.35674841009183","0.484060217447035"
"ds115","KC","response_xia4","-1.40007384363522","0.294296509317683"
"ds115","KC","response_xia4yu3","-2.30211459931762","0.501037487397775"
"ds115","KC","response_xian1sheng","-2.5646237969326","0.556115473644053"
"ds115","KC","response_xian4zai4","-2.79217714364043","0.554572563398976"
"ds115","KC","response_xiao3","-1.67479830370798","0.371650203418057"
"ds115","KC","response_xin1","-0.875519681071522","0.190932998330074"
"ds115","KC","response_xin4","-0.722107027689967","0.197529895596247"
"ds115","KC","response_xing1qi1","-2.74109069424019","0.587335920532009"
"ds115","KC","response_xiu1xi","-1.79782387234575","0.387637008848419"
"ds115","KC","response_xue2sheng","-3.00275883269116","0.608247983726471"
"ds115","KC","response_yao4","-1.28386776999698","0.294094681235865"
"ds115","KC","response_year","0.114965046176289","0.00660271936304251"
"ds115","KC","response_years","0.0773221679599156","-0.0335924096719805"
"ds115","KC","response_yi1","-0.0891342885906856","0.0590043256424213"
"ds115","KC","response_yi1sheng1","-1.80462297975994","0.373172261051059"
"ds115","KC","response_yi3qian2","-2.91058698116344","0.599839743727938"
"ds115","KC","response_you","1.94548291338414","-0.339920010763275"
"ds115","KC","response_you2yong3","-2.30518251759215","0.489748940431985"
"ds115","KC","response_you3","0.101983314549437","-0.0392989718387108"
"ds115","KC","response_yu2kuai4","-2.42716606280141","0.492421656399024"
"ds115","KC","response_zai4","-2.39536094776237","0.51206311770965"
"ds115","KC","response_zhe4","-1.31637968845679","0.308327753714219"
"ds115","KC","response_zhi3yao4","-2.59791103076867","0.556022261867934"
"ds115","KC","response_zhong1jian1","-2.7182329169168","0.553359964103305"
"ds115","KC","response_zhu4","-1.24584873225524","0.258993999988003"
"ds115","KC","response_zhuo1zi","-2.84779254231754","0.60282713395497"
"ds115","KC","response_zou3","-0.677112130479229","0.115249536934246"
"ds115","KC","response_zou3lu4","-2.11736375718053","0.427952502816264"
"ds115","KC","response_zuo4","-1.75871844517518","0.346210688391918"
"ds115","KC","response_zuo4fan4","-2.02440644603848","0.422411317205993"
"ds605","KC","Enter given area","2.90118888539439","-0.154585703055685"
"ds605","KC","Enter given measurement","2.93310857515565","-0.156286498101435"
"ds605","KC","Find added area","0.966992397902101","-0.0515248077888862"
"ds605","KC","Find added areaKnow to use component areas","1.60815807865525","-0.0856884046623552"
"ds605","KC","Find added areaSuccessfully pose component areas","-0.0424711781689866","0.00226301602419228"
"ds605","KC","Find added areaWork with composed area in context","1.18545275123546","-0.0631651554683652"
"ds605","KC","Find added areaWork with composed area out of context","0.959708568483523","-0.0511366993491782"
"ds605","KC","Find individual area","1.62025156508311","-0.0863327888013046"
"ds605","KC","Find individual areaWork with composed area in context","1.25022598899512","-0.0666165048612569"
"ds605","KC","Find individual areaWork with composed area out of context","1.57064288807443","-0.0836894613531486"
"ds605","KC","Find subtracted areaKnow to use component areas","1.29597058794895","-0.0690539404332317"
"ds605","KC","Find subtracted areaSuccessfully pose component areas","0.0845947574594438","-0.00450751073896919"
"ds605","KC","Find subtracted areaWork with composed area in context","1.41935334861637","-0.0756282144829997"
"ds605","KC","Find subtracted areaWork with composed area out of context","1.2846756797054","-0.0684521073914159"
"ds605","KC","Know to pose component areas","2.14635039972667","-0.114365213246187"
"ds566","KC","0","2.88543307570434","-0.111511681443992"
"ds566","KC","compare_Circle","-0.382182617701009","0.203070664105136"
"ds566","KC","compare_NL","0.163549852921949","-0.00301343289688176"
"ds566","KC","compare_Rectangle","1.75181254882041","-0.483487033521672"
"ds566","KC","Delete_Delete","4.02530319394536","-0.207167553033501"
"ds566","KC","denominator_Circle","1.06428582797226","-0.114024742487742"
"ds566","KC","denominator_NL","0.111301561322747","-0.102796203823738"
"ds566","KC","denominator_Rectangle","1.0186139326205","-0.120533553826131"
"ds566","KC","denominator_WE_Circle-NL","0.822116928756503","-0.11770455164768"
"ds566","KC","denominator_WE_Rect-NL","0.816049929077964","-0.11802755376303"
"ds566","KC","dragPiece_Circle","3.42933350059487","-0.166969784558147"
"ds566","KC","dragPiece_Rectangle","4.24049763405845","-0.213843556359763"
"ds566","KC","makeFract_Circle","-0.874301173919763","-0.108707841602749"
"ds566","KC","makeFract_NL","0.265223114434309","-0.285670986132775"
"ds566","KC","makeFract_Rectangle","-1.7977632996438","-0.0134666377542131"
"ds566","KC","makeFract_WE_Circle-NL","0.878749826677139","-0.238074504253919"
"ds566","KC","makeFract_WE_Rect-NL","0.726011726653619","-0.157999692191133"
"ds566","KC","multiply_NL","0.821771487649135","-0.29088478144421"
"ds566","KC","multiply_Rectangle","-0.015497553387662","-0.133324133604211"
"ds566","KC","multiply_WE_Circle-NL","1.55265217651298","-0.0212943393863003"
"ds566","KC","multiply_WE_Rect-NL","0.970478887605363","0.072698739723623"
"ds566","KC","numerator_Circle","0.640185148289303","-0.122955847479418"
"ds566","KC","numerator_NL","-0.234234234991353","-0.103596607539585"
"ds566","KC","numerator_Rectangle","0.915016328573187","-0.131351359775619"
"ds566","KC","numerator_WE_Circle-NL","0.413203533954983","-0.110972988692482"
"ds566","KC","numerator_WE_Rect-NL","0.766312867402201","-0.1198245875378"
"ds566","KC","SE_addition_Circle","2.2907695995478","-0.13678668970057"
"ds566","KC","SE_addition_NL","2.14652845169289","-0.109719753706709"
"ds566","KC","SE_addition_Rectangle","1.84286713524122","-0.100456776650654"
"ds566","KC","SE_addition_WE_Circle-NL","1.47189893729624","0.193952173238248"
"ds566","KC","SE_addition_WE_Rect-NL","1.91096632223698","-0.0494559831100551"
"ds566","KC","SE_comparison_Circle","-0.189482691187315","-0.0703918004259567"
"ds566","KC","SE_comparison_NL","-0.0478593521393694","-0.037693672222019"
"ds566","KC","SE_comparison_Rectangle","0.495083530342564","-0.14837497798477"
"ds566","KC","SE_comparison_WE_Circle-NL","0.0463259344639081","0.245581123870576"
"ds566","KC","SE_comparison_WE_Rect-NL","-0.0922033261206226","-0.0025360260085999"
"ds566","KC","SE_denominator_Circle","0.620230074782811","-0.0895922353628207"
"ds566","KC","SE_denominator_NL","-0.317163246295289","0.0888619969704581"
"ds566","KC","SE_denominator_Rectangle","0.660522602237652","0.0897472520726384"
"ds566","KC","SE_equivalence_Circle","-0.0558492228846118","-0.106592721446708"
"ds566","KC","SE_equivalence_NL","0.233553501368787","-0.0470363014883921"
"ds566","KC","SE_equivalence_Rectangle","-0.0509766350500387","-0.0573918935042746"
"ds566","KC","SE_equivalence_WE_Circle-NL","1.30373987004206","-0.0120994967248005"
"ds566","KC","SE_equivalence_WE_Rect-NL","1.09087456498055","-0.121236831264927"
"ds566","KC","SE_findUnit_Circle","1.1218919228551","-0.00339355378126118"
"ds566","KC","SE_findUnit_NL","0.00798560308196491","0.261035343235958"
"ds566","KC","SE_findUnit_Rectangle","1.00344315326051","-0.0429763154126011"
"ds566","KC","SE_numerator_Circle","1.25507771500186","0.0757619259470056"
"ds566","KC","SE_numerator_NL","1.37833121537859","0.0824019515433801"
"ds566","KC","SE_numerator_Rectangle","2.035752114","-0.169251782797947"
"ds566","KC","SE_relation_WE_Circle-NL","0.51401567822077","-0.106393904295685"
"ds566","KC","SE_relation_WE_Rect-NL","0.793941517901429","-0.114872246902377"
"ds566","KC","unit_Circle","0.084136812198775","0.15818526712976"
"ds566","KC","unit_NL","0.316207734505166","-0.0705527923214543"
"ds566","KC","unit_Rectangle","0.305462617740267","0.130926289834481"
"ds566","KC","unit_WE_Circle-NL","-0.0394700704788703","0.332287696181104"
"ds566","KC","unit_WE_Rect-NL","0.620096020740188","0.112079650140642"
"ds566","KC","wholeNumber_Circle","-0.814274296271203","0.310303864884896"
"ds566","KC","wholeNumber_NL","0.193788352175218","0.0626033990132094"
"ds566","KC","wholeNumber_Rectangle","0.0120957964759583","-0.0393302301745862"
"ds567","KC","AreaMakeFract_Area_addition","-1.5879462704323","0.31698449079591"
"ds567","KC","AreaMakeFract_Area_equivalentConc","-1.57558533046173","0.894744515584965"
"ds567","KC","AreaMakeFract_Area_subtraction","-2.49332875881101","0.344915635220101"
"ds567","KC","compareLarger_Area_comparison","1.26989330635573","-1.17340807128122"
"ds567","KC","compareLarger_NL_comparison","0.317878739866087","-0.13369486458453"
"ds567","KC","compareSmaller_Area_comparison","0.49200804664791","-0.094643282090383"
"ds567","KC","compareSmaller_NL_comparison","-1.19892239643861","0.395540326388068"
"ds567","KC","differentUnit_Area_nameFract","0.148537944356867","0.159185573731132"
"ds567","KC","dragPiece_Area_makeFract","2.88157835342264","-0.112109671282665"
"ds567","KC","dragPiece_Area_makeImpFract","2.83615503914223","-0.159294850464241"
"ds567","KC","mixAdditionAddend_Area_Mix_addition","2.08139008300036","-1.11779375388116"
"ds567","KC","mixAdditionAddend_Area_Mix_subtraction","1.38597202431088","-1.0838626854224"
"ds567","KC","mixAdditionAddend_NL_Mix_addition","0.47720283350267","-0.839158218305509"
"ds567","KC","mixAdditionAddend_NL_Mix_subtraction","0.37899396624387","-0.859077444516015"
"ds567","KC","mixAddition_Area_Mix_addition","1.93371167952792","-0.445497171519906"
"ds567","KC","mixAddition_Area_Mix_subtraction","1.20234257960447","-0.449526179226337"
"ds567","KC","mixAddition_NL_Mix_addition","0.0573685064719939","-0.207398439675704"
"ds567","KC","mixAddition_NL_Mix_subtraction","0.119684447997397","-0.470268228480154"
"ds567","KC","mixEquivalentProperFract_Mix_equivalentConc","1.30261852448797","-1.2583649013046"
"ds567","KC","mixEquivalentProperFract_Mix_equivalentProc","2.32746626791704","-1.75668107633983"
"ds567","KC","mixEquivalentUnitFract_Mix_equivalentConc","2.12411057693622","-1.54328510772602"
"ds567","KC","mixEquivalentUnitFract_Mix_equivalentProc","1.62864169100094","-1.00532809021743"
"ds567","KC","mixImproperFract_Area_Mix_makeImpFract","0.692263926332276","-0.263831049363784"
"ds567","KC","mixImproperFract_Area_Mix_nameImpFract","0.0567330109501008","-0.323568239001644"
"ds567","KC","mixImproperFract_NL_Mix_makeImpFract","-0.412165999777458","-0.032125243702516"
"ds567","KC","mixImproperFract_NL_Mix_nameImpFract","-0.980378533814824","-0.0903714840850914"
"ds567","KC","mixOrderLargest_Mix_comparison","-0.283914229559138","0.535903849190997"
"ds567","KC","mixOrderMiddle_Mix_comparison","-0.0978862952672953","-0.321700816744296"
"ds567","KC","mixOrderSmallest_Mix_comparison","-1.02534183049267","0.654124589265158"
"ds567","KC","mixProperFract_Mix_makeFract","2.72521750102247","-0.777655815344277"
"ds567","KC","mixProperFract_Mix_nameFract","2.91214902177292","-0.815715229668278"
"ds567","KC","mixUnitFract_Mix_makeFract","2.58843216176927","-0.780280478930754"
"ds567","KC","mixUnitFract_Mix_nameFract","1.70260528255355","-0.381876234216193"
"ds567","KC","mixUnitUnitFract_Area_Mix_recUnit","-0.182436174537991","-0.209431998896418"
"ds567","KC","mixUnitUnitFract_NL_Mix_recUnit","-0.850292645657949","-0.354181104956471"
"ds567","KC","multiply_Area_equivalentConc","-0.277290839686255","-0.162884283123116"
"ds567","KC","multiply_NL_equivalentConc","0.51679914543156","-0.250678579181876"
"ds567","KC","multiply_WE_Area-NL_equivalentConc","0.672386758372684","-0.0793995994013916"
"ds567","KC","nameFract_denom_Area_addition","1.74491318504708","-0.531881478000567"
"ds567","KC","nameFract_denom_Area_comparison","1.43425556927066","-0.52550286318213"
"ds567","KC","nameFract_denom_Area_equivalentConc","0.335395611638271","-0.107432089764301"
"ds567","KC","nameFract_denom_Area_equivalentProc","2.16927180260008","-0.218963764340522"
"ds567","KC","nameFract_denom_Area_makeFract","2.81326921684732","-0.229201663129782"
"ds567","KC","nameFract_denom_Area_makeImpFract","0.824644955288293","-0.160714762714639"
"ds567","KC","nameFract_denom_Area_nameFract","2.3613708454882","-0.109993242562003"
"ds567","KC","nameFract_denom_Area_nameImpFract","-0.193979519778062","-0.197741600820522"
"ds567","KC","nameFract_denom_Area_recUnit","0.744511777120221","-0.189733258357982"
"ds567","KC","nameFract_denom_Area_subtraction","1.83781411706877","-0.288755465907287"
"ds567","KC","nameFract_denom_NL_addition","0.623208629085753","-0.107301725820694"
"ds567","KC","nameFract_denom_NL_comparison","0.727971882175138","0.0880382561899661"
"ds567","KC","nameFract_denom_NL_equivalentConc","-0.462746774047188","-0.0068337058425533"
"ds567","KC","nameFract_denom_NL_equivalentProc","0.220614018961816","-0.0829161370227587"
"ds567","KC","nameFract_denom_NL_makeImpFract","-0.0265054419616976","0.068713963278743"
"ds567","KC","nameFract_denom_NL_nameFract","1.29628358654288","-0.138862559843334"
"ds567","KC","nameFract_denom_NL_nameImpFract","-1.00005297639133","0.242442819419841"
"ds567","KC","nameFract_denom_NL_subtraction","0.754953063213965","-0.165811998753788"
"ds567","KC","nameFract_denom_WE_Area-NL_addition","0.294307732732398","-0.00449470990752872"
"ds567","KC","nameFract_denom_WE_Area-NL_comparison","0.0786801310632842","-0.100851231484404"
"ds567","KC","nameFract_denom_WE_Area-NL_equivalentConc","0.113634366534059","-0.0311469207103323"
"ds567","KC","nameFract_denom_WE_Area-NL_equivalentProc","0.621540813478509","-0.243360494931016"
"ds567","KC","nameFract_denom_WE_Area-NL_makeFract","2.35237037039059","-0.609144098355322"
"ds567","KC","nameFract_denom_WE_Area-NL_makeImpFract","0.665838720059585","-0.564768499675263"
"ds567","KC","nameFract_denom_WE_Area-NL_nameFract","1.73869718162817","0.0609487470177653"
"ds567","KC","nameFract_denom_WE_Area-NL_nameImpFract","-0.852763833920298","-0.241482835893157"
"ds567","KC","nameFract_denom_WE_Area-NL_recUnit","1.67042509483757","-0.321190483231207"
"ds567","KC","nameFract_denom_WE_Area-NL_subtraction","0.810148310880641","-0.40325242617257"
"ds567","KC","nameFract_num_Area_addition","0.829826307410748","-0.113194792715449"
"ds567","KC","nameFract_num_Area_comparison","0.549379628425897","-0.341855015368859"
"ds567","KC","nameFract_num_Area_equivalentConc","0.740223001817035","-0.235158614035573"
"ds567","KC","nameFract_num_Area_equivalentProc","1.63649770034383","-0.277543817752224"
"ds567","KC","nameFract_num_Area_makeFract","2.90493738557849","-0.364387756437492"
"ds567","KC","nameFract_num_Area_makeImpFract","0.40996944361025","-0.258358953441906"
"ds567","KC","nameFract_num_Area_nameFract","1.9811334693003","-0.0264037234565447"
"ds567","KC","nameFract_num_Area_nameImpFract","-0.875983325088493","-0.198361624845781"
"ds567","KC","nameFract_num_Area_recUnit","-1.44745065818781","1.14121413138394"
"ds567","KC","nameFract_num_Area_subtraction","0.862132291683253","-0.323427385161139"
"ds567","KC","nameFract_num_NL_addition","0.306597082603507","-0.196375738145024"
"ds567","KC","nameFract_num_NL_comparison","0.45506021657257","0.339110286845182"
"ds567","KC","nameFract_num_NL_equivalentConc","0.0798540378394558","-0.114101523093164"
"ds567","KC","nameFract_num_NL_equivalentProc","0.274620794870863","-0.289599049265422"
"ds567","KC","nameFract_num_NL_makeImpFract","-1.13170015303087","-0.121162431286266"
"ds567","KC","nameFract_num_NL_nameFract","0.922666974667267","0.0855603930073911"
"ds567","KC","nameFract_num_NL_nameImpFract","-0.764177593937743","-0.138261296409049"
"ds567","KC","nameFract_num_NL_subtraction","0.576996313391473","-0.11740507549335"
"ds567","KC","nameFract_num_WE_Area-NL_addition","0.38132855534102","-0.0111546933320294"
"ds567","KC","nameFract_num_WE_Area-NL_comparison","-0.313191752140933","0.0166118379432781"
"ds567","KC","nameFract_num_WE_Area-NL_equivalentConc","0.506432223235785","-0.0373571942126235"
"ds567","KC","nameFract_num_WE_Area-NL_equivalentProc","1.66387639669399","-0.324823561726155"
"ds567","KC","nameFract_num_WE_Area-NL_makeFract","2.4006571202203","-0.349392719852006"
"ds567","KC","nameFract_num_WE_Area-NL_makeImpFract","-0.984563956346303","0.497977402176908"
"ds567","KC","nameFract_num_WE_Area-NL_nameFract","2.01084086791032","-0.0164494186938032"
"ds567","KC","nameFract_num_WE_Area-NL_nameImpFract","-0.957653438087439","-0.196874668121443"
"ds567","KC","nameFract_num_WE_Area-NL_recUnit","-0.0268120127697298","0.451317128414983"
"ds567","KC","nameFract_num_WE_Area-NL_subtraction","0.439237184415108","-0.135011574633154"
"ds567","KC","numSect_denom_Area_makeFract","1.24584965609211","-0.189187882840346"
"ds567","KC","numSect_denom_Area_makeImpFract","-0.886914546177713","0.10950873815264"
"ds567","KC","numSect_denom_Area_nameFract","0.394679717767848","-0.177986399807137"
"ds567","KC","numSect_denom_Area_nameImpFract","-0.926335666150544","-0.0122121352097026"
"ds567","KC","numSect_denom_Area_recUnit","0.3634904315013","-0.900182126507771"
"ds567","KC","numSect_denom_NL_makeFract","0.706810403411107","0.167663178480461"
"ds567","KC","numSect_denom_NL_makeImpFract","-1.3216575621127","0.0129298333864246"
"ds567","KC","numSect_denom_NL_nameFract","-0.320165127154844","0.351478712311328"
"ds567","KC","numSect_denom_NL_nameImpFract","-0.654499781487035","0.112243524381267"
"ds567","KC","numSect_denom_NL_recUnit","-0.831306309338135","0.048981946756992"
"ds567","KC","numSect_denom_WE_Area-NL_makeFract","1.56680580710058","-0.712748982517146"
"ds567","KC","numSect_denom_WE_Area-NL_makeImpFract","-1.08515074516236","-0.191714835114869"
"ds567","KC","numSect_denom_WE_Area-NL_nameFract","-0.0605141265478781","-0.287791815836388"
"ds567","KC","numSect_denom_WE_Area-NL_recUnit","0.0374688449827229","0.404996532388522"
"ds567","KC","numSect_num_Area_addition","-0.552859889538225","0.0237872505120716"
"ds567","KC","numSect_num_Area_makeFract","-0.0363641662061648","-0.149443798472822"
"ds567","KC","numSect_num_Area_makeImpFract","-1.68940353365377","-0.117475804940024"
"ds567","KC","numSect_num_Area_nameFract","0.891508185808732","0.0368303653992151"
"ds567","KC","numSect_num_Area_nameImpFract","-2.26488531642671","0.367870903759483"
"ds567","KC","numSect_num_Area_recUnit","-2.50808617169872","0.639167003428281"
"ds567","KC","numSect_num_Area_subtraction","0.123432148696301","-0.139697079350802"
"ds567","KC","numSect_num_NL_addition","-0.0955019346078029","-0.239063375534437"
"ds567","KC","numSect_num_NL_makeFract","0.010492762596454","0.304187359385255"
"ds567","KC","numSect_num_NL_makeImpFract","-1.88393646405757","0.345423662609506"
"ds567","KC","numSect_num_NL_nameFract","-0.308494880191667","-0.0710442810278546"
"ds567","KC","numSect_num_NL_nameImpFract","-1.13616166107288","0.1007190963613"
"ds567","KC","numSect_num_NL_recUnit","-0.672448407418006","-0.919253822711337"
"ds567","KC","numSect_num_NL_subtraction","0.306187395965358","-0.195171884639962"
"ds567","KC","numSect_num_WE_Area-NL_makeImpFract","-0.923541126261475","0.258260950443092"
"ds567","KC","numSect_num_WE_Area-NL_nameFract","0.597463183242831","0.454502971136666"
"ds567","KC","numSect_num_WE_Area-NL_nameImpFract","-1.27401236028354","0.324955354431298"
"ds567","KC","numUnit_Area_makeImpFract","0.11487671844464","0.0623844025840316"
"ds567","KC","numUnit_Area_nameImpFract","-0.819183985164411","0.0790391357291395"
"ds567","KC","numUnit_NL_makeImpFract","-0.0181468603747905","0.41028324947288"
"ds567","KC","numUnit_NL_nameImpFract","-0.376754664128511","0.724839182200436"
"ds567","KC","one_Area_equivalentConc","-0.530005299705645","0.492229986297417"
"ds567","KC","one_NL_equivalentConc","0.340024111274654","0.29787129301896"
"ds567","KC","partitionDenom_Area_addition","-0.184532799116354","-0.106737991343577"
"ds567","KC","partitionDenom_Area_comparison","-1.85787445662918","-0.162802536756334"
"ds567","KC","partitionDenom_Area_equivalentProc","-0.87580665283904","-0.207728984700916"
"ds567","KC","partitionDenom_NL_equivalentProc","-0.990879863119979","0.345078123159484"
"ds567","KC","partitionDenom_WE_Area-NL_comparison","-2.87722748058551","0.424683230184793"
"ds567","KC","partitionDenom_WE_Area-NL_equivalentProc","0.450666246765581","-0.329214771013131"
"ds567","KC","placeDot_NL_addition","-2.21556305539043","0.640215786034788"
"ds567","KC","placeDot_NL_makeFract","1.04791283877551","-0.274698072228833"
"ds567","KC","placeDot_NL_makeImpFract","-0.463263505770171","0.225120122579063"
"ds567","KC","placeDot_NL_recUnit","-2.645084700011","1.3908213961856"
"ds567","KC","placeDot_WE_Area-NL_makeFract","1.0079821400688","0.143351650828579"
"ds567","KC","placeDot_WE_Area-NL_makeImpFract","-0.614196757056321","0.127041603454489"
"ds567","KC","placeDot_WE_Area-NL_recUnit","-0.643608509781151","0.145409462891682"
"ds567","KC","relationAddition_WE_Area-NL_addition","-0.346296956846681","0.467985566989372"
"ds567","KC","relationAddition_WE_Area-NL_subtraction","-0.314868726225382","0.225663943771314"
"ds567","KC","relationAmount_Area_comparison","-0.0731332063342627","0.0121174407905125"
"ds567","KC","relationAmount_Area_equivalentConc","-0.721509706020541","0.0981619420592519"
"ds567","KC","relationAmount_NL_comparison","0.784266838184982","-0.334838073362923"
"ds567","KC","relationAmount_NL_equivalentConc","-0.903081704657006","0.306204769968448"
"ds567","KC","relationAmount_NL_makeFract","-0.78133061682831","0.199116264297521"
"ds567","KC","relationComparison_Area_comparison","0.450635157355325","-0.305188078315678"
"ds567","KC","relationComparison_NL_comparison","0.580756878174772","-0.108147083793883"
"ds567","KC","relationComparison_WE_Area-NL_comparison","0.123320433409622","-0.274128292413081"
"ds567","KC","relationDenomTimes_WE_Area-NL_recUnit","0.146857663599241","0.154440808852793"
"ds567","KC","relationDenom_WE_Area-NL_makeFract","1.24376590150174","-0.588500213438998"
"ds567","KC","relationDenom_WE_Area-NL_makeImpFract","0.885884673898106","-0.308021872256542"
"ds567","KC","relationDenom_WE_Area-NL_nameFract","-0.430501650942166","0.613463719985253"
"ds567","KC","relationDenom_WE_Area-NL_nameImpFract","0.318132416267361","-0.10540759635341"
"ds567","KC","relationEquivalence_Area_comparison","-1.28955321713571","0.381661024351631"
"ds567","KC","relationEquivalence_Area_equivalentConc","0.177422514876323","-0.260054044577273"
"ds567","KC","relationEquivalence_NL_equivalentConc","-0.351884745198966","-0.101769170341797"
"ds567","KC","relationEquivalence_WE_Area-NL_equivalentConc","0.40556982529291","-0.139198898080648"
"ds567","KC","relationEquivalence_WE_Area-NL_equivalentProc","-0.0899765974151617","0.104884318177056"
"ds567","KC","relationFract_Area_makeFract","-0.344984542823402","0.245847432021357"
"ds567","KC","relationFract_Area_nameFract","-0.227631931275505","0.293516509293339"
"ds567","KC","relationFract_NL_makeFract","0.238529588513358","-0.0607874817218912"
"ds567","KC","relationFract_NL_nameFract","-0.0522501474204185","0.0508846659595094"
"ds567","KC","relationNum_WE_Area-NL_makeFract","0.621692185076289","-0.00825957289344684"
"ds567","KC","relationNum_WE_Area-NL_makeImpFract","0.392866424784262","-0.295163641729413"
"ds567","KC","relationNum_WE_Area-NL_nameFract","-0.700372953487728","0.469174505840914"
"ds567","KC","relationNum_WE_Area-NL_nameImpFract","0.386609170559489","-0.155243939605853"
"ds567","KC","relationPartition_WE_Area-NL_makeFract","0.78834578779583","0.14551919425584"
"ds567","KC","relationPartition_WE_Area-NL_makeImpFract","0.108555756767982","0.0841615279536379"
"ds567","KC","relationPartition_WE_Area-NL_nameFract","-0.738513668754134","0.421463361587737"
"ds567","KC","relationPartition_WE_Area-NL_nameImpFract","-0.309860796479081","0.00144486754448602"
"ds567","KC","relationRepeatUnitFraction_WE_Area-NL_recUnit","-0.057472866357279","-0.200073118355872"
"ds567","KC","relationSections_WE_Area-NL_addition","0.271874361255441","0.363934931541926"
"ds567","KC","relationSections_WE_Area-NL_comparison","0.435706104245159","-0.239321710009308"
"ds567","KC","relationSections_WE_Area-NL_makeFract","0.225649377408952","0.61037249887409"
"ds567","KC","relationSections_WE_Area-NL_makeImpFract","-0.993161180745869","0.338056236155803"
"ds567","KC","relationSections_WE_Area-NL_nameFract","1.14741461990714","-0.292410034619794"
"ds567","KC","relationSections_WE_Area-NL_nameImpFract","-0.646201395028236","0.351910909297371"
"ds567","KC","relationSections_WE_Area-NL_recUnit","-0.843705621124159","0.247456171593531"
"ds567","KC","relationSections_WE_Area-NL_subtraction","0.206278298347818","-0.518158493446462"
"ds567","KC","relationSectNumber_Area_makeFract","0.000345621139788712","0.20493327096835"
"ds567","KC","relationSectNumber_Area_nameFract","-0.27086681881541","0.466548283784031"
"ds567","KC","relationSectNumber_NL_makeFract","0.850221917535944","-0.188357487329945"
"ds567","KC","relationSectNumber_NL_nameFract","-0.920400139202257","0.254918543036866"
"ds567","KC","relationSectSize_Area_makeFract","-0.177660167438902","-0.321715904100509"
"ds567","KC","relationSectSize_Area_nameFract","-0.0621848645586271","-0.627081395807404"
"ds567","KC","relationSectSize_NL_makeFract","0.352702248649783","-0.222155375574394"
"ds567","KC","relationSectSize_NL_nameFract","-0.0646482292788716","0.249948850859694"
"ds567","KC","relationShape_Area_makeFract","1.03942145792864","-0.264888784946862"
"ds567","KC","relationSum_Area_addition","1.23981618709697","-0.538550109508036"
"ds567","KC","relationSum_Area_subtraction","0.959879238348524","-0.190561265335073"
"ds567","KC","relationSum_NL_addition","0.942388188264338","-0.12188118578122"
"ds567","KC","relationSum_NL_subtraction","0.94680731069927","-0.217710076107422"
"ds567","KC","relationSum_WE_Area-NL_addition","1.2473690225114","-0.446837527010736"
"ds567","KC","relationSum_WE_Area-NL_subtraction","1.31716433363331","-0.203967501595306"
"ds567","KC","relationUnit_WE_Area-NL_addition","0.524827869385226","0.313011943717312"
"ds567","KC","relationUnit_WE_Area-NL_comparison","-0.890519880396728","1.05024032935212"
"ds567","KC","relationUnit_WE_Area-NL_recUnit","-0.926942158056684","0.471165096920992"
"ds567","KC","relationUnit_WE_Area-NL_subtraction","0.0603581952097275","-0.458243961852481"
"ds567","KC","repeatDenomTimes_Area_recUnit","-0.0150256803711641","0.395646328839167"
"ds567","KC","repeatDenomTimes_NL_recUnit","0.141606241784932","-0.0959838018128633"
"ds567","KC","repeatUnit_Area_recUnit","0.365965335569182","-0.186856865916563"
"ds567","KC","repeatUnit_NL_recUnit","-0.093994127878249","1.10554818462352"
"ds567","KC","sumSect_denom_Area_makeImpFract","-0.0151421878135075","0.159722477014685"
"ds567","KC","whatIsDenom_Area_addition","-0.068152259955277","0.0255509939388777"
"ds567","KC","whatIsDenom_Area_subtraction","0.323763074513847","-0.0242788634831818"
"ds567","KC","whatIsDenom_NL_addition","-0.982040768209435","0.988120753764579"
"ds567","KC","whatIsDenom_NL_subtraction","-0.1234556943596","0.075744460467793"
"ds567","KC","whatIsNum_Area_addition","0.883174247106756","0.198488758635534"
"ds567","KC","whatIsNum_Area_subtraction","1.29412629711955","-0.35867231978729"
"ds567","KC","whatIsNum_NL_addition","0.65599908344718","0.282877450811962"
"ds567","KC","whatIsNum_NL_subtraction","1.52302173989257","-0.371921242749865"
"ds567","KC","whatIsUnit_Area_addition","0.0648820254496754","-0.0474657538277189"
"ds567","KC","whatIsUnit_Area_subtraction","0.703682994570434","-0.175812639198712"
"ds567","KC","whatIsUnit_NL_addition","-0.804428284596677","0.314212380221955"
"ds567","KC","whatIsUnit_NL_makeImpFract","0.321448583093638","-0.0703321956929293"
"ds567","KC","whatIsUnit_NL_nameFract","0.918462266078152","-0.331286709420042"
"ds567","KC","whatIsUnit_NL_nameImpFract","-0.462727316034849","0.462342370620151"
"ds567","KC","whatIsUnit_NL_subtraction","0.784158801637196","-0.225262446634411"
"ds567","KC","whatIsUnit_WE_Area-NL_addition","1.17947696118213","0.0812936716265441"
"ds567","KC","whatIsUnit_WE_Area-NL_nameFract","-0.170723151708066","0.498226342142476"
"ds567","KC","whatIsUnit_WE_Area-NL_nameImpFract","-0.1796038281181","0.192514473692059"
"ds567","KC","whatIsUnit_WE_Area-NL_subtraction","1.1273329129433","-0.2644947601599"
"ds567","KC","whyDifferent_Area_equivalentConc","-0.78133061682831","0.199116264297521"
"ds567","KC","whyDifferent_Area_equivalentProc","-0.910462092170386","0.498976389943271"
"ds567","KC","whyDifferent_NL_equivalentConc","1.80907842936261","-0.461030108020283"
"ds567","KC","whyDifferent_NL_equivalentProc","0.161077660175257","-0.0410494370309957"
"ds567","KC","whyTheSame_Area_equivalentConc","-0.495587538374685","0.126296777763741"
"ds567","KC","whyTheSame_Area_equivalentProc","0.987823179724785","-0.314889953351647"
"ds567","KC","whyTheSame_NL_equivalentConc","0.838651789733227","-0.213724136519797"
"ds567","KC","whyTheSame_NL_equivalentProc","1.65479803916873","-0.421712904408743"
"ds1980","KC","allSkill","0.82127017517275","-0.0704100266321921"
"ds1980","KC","allSkill*a","0.164872032193808","-0.0471092661482766"
"ds1980","KC","allSkill*a-an_combined-ordinal_number","0.819584275464126","0.0176491460676861"
"ds1980","KC","allSkill*adjective_phrase","-0.96521058004225","0.0441996339353097"
"ds1980","KC","allSkill*a*produce_general_count_a","0.438631064131796","-0.0512008614487453"
"ds1980","KC","allSkill*explain_already_known","-0.50692452898983","0.0574428710119007"
"ds1980","KC","allSkill*explain_prep_phrase","-1.26579465468764","0.0556932199748519"
"ds1980","KC","allSkill*explain_same","0.828173835711948","0.0164105222545939"
"ds1980","KC","allSkill*INDEF-spelling_NOmatch","0.461695885181482","-0.0477538863320308"
"ds1980","KC","allSkill*INDEF-spelling_NOmatch*explain_single_letter","1.62213296149084","-0.087981592185667"
"ds1980","KC","allSkill*INDEF-spelling_NOmatch*explain_single_letter*explain_single_letter-H","-0.882721971919309","0.0478772618462517"
"ds1980","KC","allSkill*INDEF-spelling_NOmatch*produce_general_count_a","-0.632686142285252","0.0343157653987283"
"ds1980","KC","allSkill*INDEF-spelling_NOmatch*produce_single_letter","-1.79656629543479","0.108103164328042"
"ds1980","KC","allSkill*none","0.15481430960003","-0.00148965230793408"
"ds1980","KC","allSkill*none*explain_no_article","0.0224022874258534","0.0892752568004259"
"ds1980","KC","allSkill*none*gneral_non-count","-0.471946795055723","-0.0313013665770044"
"ds1980","KC","allSkill*none*gneral_non-count*explain_no_article","0.528087819113795","-0.0633000275990462"
"ds1980","KC","allSkill*ordinal_number","1.34094092849387","-0.0340987285823893"
"ds1980","KC","allSkill*produce_explain-h-explain_single_letter","1.52457369175025","-0.0900771056954098"
"ds1980","KC","allSkill*produce_explain-tutorONLYnew-explain_general_count_a","-0.521392493727505","-0.0790927503397071"
"ds1980","KC","allSkill*produce_for-each_per","2.13750113373243","-0.156739671758788"
"ds1980","KC","allSkill*skill-tutorONLY-with-deceptive-initial-general_count_an","0.24924068849189","-0.00689092083846015"
"ds1980","KC","allSkill*the","0.688934863170005","-0.0367885924148677"
"ds1980","KC","allSkill*the*a-an_combined-same","2.91159475380482","-0.161621802981007"
"ds1980","KC","allSkill*the*already_mentioned","1.76352582783849","-0.10619139268996"
"ds1980","KC","allSkill*the*ordinal_number","1.5573677002056","-0.0492343886485503"
"ds1935","KC","all","1.38503410583578","-0.219791884462955"
"ds1935","KC","all*arithmetic_fractions_add_steps","0.285257775922855","0.316466770448162"
"ds1935","KC","all*arithmetic_fractions_multiply_divide_steps","2.04619487178327","-0.0979796089834215"
"ds1935","KC","all*arithmetic_operations_add","1.10154765427995","-0.0471480222878983"
"ds1935","KC","all*arithmetic_operations_add_identify","-0.840050649100518","0.223939014325594"
"ds1935","KC","all*arithmetic_operations_add_identify*arithmetic_operations_add","1.54305772320767","-0.0233144665029556"
"ds1935","KC","all*arithmetic_operations_negative_divide","2.83592051478774","-0.327241752290328"
"ds1935","KC","all*data_determine_median","0.135824338871304","0.13386143513012"
"ds1935","KC","all*data_identify_LOSKILL","3.00367175118615","-0.195001233740384"
"ds1935","KC","all*data_steps_graphSKILL","-0.555974161681105","-0.0647232785355954"
"ds1935","KC","all*measurements_metric_conv_LO_prefixes","0.0499487305425518","-0.0274190551034164"
"ds1935","KC","all*measurements_tools_time","2.11483711256348","-0.141662481534576"
"ds1935","KC","all*problem_solve_LO_carry_out_plan","-0.268608938535755","-0.00293402601337539"
"ds1935","KC","all*problem_solve_LO_carry_out_plan*arithmetic_operations_decimal","-1.9097234040415","0.039353334987635"
"ds1935","KC","all*problem_solve_LO_carry_out_plan*measurements_english_conv_LO_DA","-3.46386665119621","0.153225637177182"
"ds1935","KC","all*problem_solve_LO_evaluate","4.26593218528465","-0.212364211268004"
"ds1935","KC","all*problem_solve_LO_make_plan","-1.21856343048172","-0.144745398161515"
"ds1935","KC","all*problem_solve_LO_strategies","4.31466837872234","-0.212969357341393"
"ds308","KC","skill1","2.46930278822863","-0.712416736662566"
"ds308","KC","skill1*estimater","-1.11925584221066","0.66124404384349"
"ds308","KC","skill1*interpbarchart","3.21026241438626","-0.585269609874079"
"ds308","KC","skill1*interpboxplot","1.71363784649602","-1.12524501576719"
"ds308","KC","skill1*interphistogram","0.972777052478467","-0.462877923358882"
"ds308","KC","skill1*m1o3","0.0613576501350353","-0.18963327661716"
"ds308","KC","skill1*m1o4","0.0195931314476208","-0.674974505837731"
"ds308","KC","skill1*m1o5","-0.0060514946928329","-0.545205014651902"
"ds308","KC","skill1*m3o1","-1.98194059534545","1.37738531648018"
"ds1330","KC","6.EE.A.2c","0.537818530702977","-0.074452746837707"
"ds1330","KC","6.EE.B.5","0.574924368887828","1.12915988991375"
"ds1330","KC","6.EE.B.6","1.55253533056636","-0.343240365652594"
"ds1330","KC","6.EE.B.8","0.978834982923219","-0.357772692975748"
"ds1330","KC","6.G.A.1","0.517279445233051","-0.140634556275592"
"ds1330","KC","6.G.A.4","0.192122476929322","0.510804147628773"
"ds1330","KC","6.RP.A.1","0.693365970385435","-0.633050613236805"
"ds1330","KC","6.RP.A.3","0.0477840890627749","-0.13916442183721"
"ds1330","KC","6.RP.A.3a","-0.265081643597704","0.0709000715348821"
"ds1330","KC","6.SP.A.1","-0.959197252570027","0.14708697950877"
"ds1330","KC","6.SP.B.4","-1.7257821520215","0.247755104667537"
"ds1330","KC","6.SP.B.5","-1.10081935968603","0.623199930950587"
"ds1330","KC","6.SP.B.5a","1.87711960117791","-1.21048252589681"
"ds1330","KC","7.EE.A.1","0.0207214673456529","-0.863267847472409"
"ds1330","KC","7.EE.A.2","0.528152347190776","-0.257954138737334"
"ds1330","KC","7.EE.B.3","-0.0860540614611536","-0.528068749956653"
"ds1330","KC","7.EE.B.4","1.30254949233252","-0.483431310154467"
"ds1330","KC","7.G.B.4","0.177944391150092","-0.0914932242521379"
"ds1330","KC","7.SP.A.1","0.663469270427723","-0.077478012461636"
"ds1330","KC","7.SP.A.2","0.186646624969013","-0.373857442872672"
"ds1330","KC","7.SP.C.5","0.295876880251408","-0.258720024054887"
"ds1330","KC","7.SP.C.8a","0.233284545150678","0.606174371107493"
"ds1330","KC","7.SP.C.8b","0.509164795217039","0.0178923092429074"
"ds1330","KC","7.SP.C.8c","0.728469894807304","0.170812162650142"
"ds253","KC","Geometry","0.884419893940099","-0.0545178040132194"
"ds253","KC","Geometry*Circle-circumference","1.54533014874898","0.00596338881856774"
"ds253","KC","Geometry*Circle-circumference*DecompArithG-Circle-circumference","0.140964024975258","0.0509329936836122"
"ds253","KC","Geometry*DecompArith2-Circle-area","0.128480498503013","-0.0135567867989703"
"ds253","KC","Geometry*DecompArith2-Circle-area*DecompArith2G-Given-unit-conversion","0.580079941234448","0.0138480534926077"
"ds253","KC","Geometry*DecompArith2-Compose-subgoal","-1.30834337524174","-0.00286031529593846"
"ds253","KC","Geometry*DecompArith2G-Miscoded-given","1.71575869756711","-0.00588497870878672"
"ds253","KC","Geometry*DecompArith2G-Miscoded-given*Circle-diameter","2.50886000322734","0.0161790955901534"
"ds253","KC","Geometry*DecompArith2-Triangle","-0.349347855625434","0.0114380756134135"
"ds253","KC","Geometry*DecompArithG-Circle-circumference","1.95550653483007","-0.00424457915344765"
"ds253","KC","Geometry*DecompArithG-Circle-diameter","0.504238081767547","-0.00106902750622126"
"ds253","KC","Geometry*DecomposeArith-Compose-by-addition","0.100305766718658","0.00381079490600993"
"ds253","KC","Geometry*Done","3.24123081216141","-0.0351311612666711"
"ds253","KC","Geometry*Geometric-Name","0.0247605000823762","-0.0193204506408378"
"ds253","KC","Geometry*Given-unit-conversion","-1.92262300184853","0.0022332442588588"
"ds253","KC","Geometry*Pentagon","-0.365650524104882","-0.0149276780439015"
"ds253","KC","Geometry*Subtract","1.1224580997834","-0.000583815160501527"
"ds253","KC","Geometry*Subtract*Decompose-Compose-by-addition","2.40369450011038","-0.0112124569129298"
"ds253","KC","Geometry*Textbook2-Parallelogram","1.61226346623243","-0.0376012679874041"
"ds253","KC","Geometry*Trapezoid","0.657745331331147","0.0178657315775631"
"ds253","KC","Geometry*Triangle-ForB-repeat","0.606722362525315","-0.00406522816932608"
"ds253","KC","Geometry*Unit-name","0.750171442374841","-0.00573407153327183"
